"{'name': '晴翠秋时府', 'collecting_time': '2023-06-25', 'other_name': '春风长住·晴翠秋时府', 'area': '临平区/崇贤/浙江省杭州市临平区崇超路146号', 'price': '23600', 'uint': '元/平(单价) ', 'value': '228-270', 'value_uint': '(万/套)(总价)', 'sale_status': '在售', 'house_type': '住宅', 'address': '浙江省杭州市临平区崇超路146号', 'new_open_date': '2023-05-22', 'rooms': ['三居室(2)', '四居室(2)'], 'features': '特价好房 品牌房企 VR看房 绿化率高', 'builders': '杭州春风长住房地产开发有限公司', 'url_source': 'https://hz.fang.ke.com/loupan/p_qcqsfbmtno/'}"
"{'name': '禹洲泊朗廷', 'collecting_time': '2023-06-25', 'other_name': '禹洲泊朗廷轩', 'area': '萧山/南部卧城/南三路禹洲泊朗廷', 'price': '33000', 'uint': '元/平(单价) ', 'value': '236.89-460', 'value_uint': '(万/套)(总价)', 'sale_status': '在售', 'house_type': '住宅', 'address': '南三路禹洲泊朗廷', 'new_open_date': '2022-07-09', 'rooms': ['二居室(1)', '三居室(6)', '四居室(6)'], 'features': '多轨交汇 成熟商圈 3D楼书 品牌房企', 'builders': '浙江舜鸿房地产开发有限公司', 'url_source': 'https://hz.fang.ke.com/loupan/p_yzbltbltyc/'}"
"{'name': '傲旋城', 'collecting_time': '2023-06-25', 'other_name': '绿城卓越傲旋城', 'area': '滨江/长河/滨康路与时代大道交叉口西北角', 'price': '31000', 'uint': '元/平(单价) ', 'value': '316-800', 'value_uint': '(万/套)(总价)', 'sale_status': '在售', 'house_type': '商业类', 'address': '滨康路与时代大道交叉口西北角', 'new_open_date': '2019-11', 'rooms': ['一居室(2)', '二居室(5)', '三居室(2)'], 'features': '公交直达 配套齐全 购物方便 医疗配套', 'builders': '杭州恒兴置业有限公司', 'url_source': 'https://hz.fang.ke.com/loupan/p_lczyaxcbkywu/'}"
"{'name': '中天大家宸澜学府', 'collecting_time': '2023-06-25', 'other_name': '中天大家 宸澜学府', 'area': '临安/临安/锦天路与新民街交叉口', 'price': '22800', 'uint': '元/平(单价) ', 'value': '150-200', 'value_uint': '(万/套)(总价)', 'sale_status': '在售', 'house_type': '住宅', 'address': '锦天路与新民街交叉口', 'new_open_date': '2022-07-30', 'rooms': ['二居室(2)', '三居室(3)', '四居室(1)'], 'features': '特价好房 近主干道 临近高速 成熟商圈', 'builders': '杭州嘉溪房地产开发有限公司', 'url_source': 'https://hz.fang.ke.com/loupan/p_ztdjclxfbmbdu/'}"
"{'name': '中建潮阅尚境府', 'collecting_time': '2023-06-25', 'other_name': '潮阅尚境府', 'area': '临平区/乔司/翁万路中建潮阅尚境府', 'price': '26600', 'uint': '元/平(单价) ', 'value': '250-330', 'value_uint': '(万/套)(总价)', 'sale_status': '在售', 'house_type': '住宅', 'address': '翁万路中建潮阅尚境府', 'new_open_date': '2023-06-25', 'rooms': ['三居室(3)', '四居室(1)'], 'features': '成熟商圈 品牌房企 VR看房 绿化率高', 'builders': '杭州临孚房地产开发有限公司', 'url_source': 'https://hz.fang.ke.com/loupan/p_zjcysjfbmwcq/'}"
"{'name': '赞成星谷', 'collecting_time': '2023-06-25', 'other_name': '星谷大厦', 'area': '拱墅/申花/石祥西路与学院路交叉口', 'price': '24000', 'uint': '元/平(单价) ', 'value': '100-188', 'value_uint': '(万/套)(总价)', 'sale_status': '在售', 'house_type': '商业类', 'address': '石祥西路与学院路交叉口', 'new_open_date': '2019-11', 'rooms': ['一居室(1)', '二居室(2)'], 'features': '低总价 公交直达 近主干道 配套齐全', 'builders': '杭州润庆置业有限公司', 'url_source': 'https://hz.fang.ke.com/loupan/p_zcxgafsaj/'}"
"{'name': '同协金座', 'collecting_time': '2023-06-25', 'other_name': '滨江同协金座', 'area': '上城/丁桥/同协路与华丰路交叉口', 'price': '31000', 'uint': '元/平(单价) ', 'value': '128-210', 'value_uint': '(万/套)(总价)', 'sale_status': '在售', 'house_type': '商业类', 'address': '同协路与华丰路交叉口', 'new_open_date': '2020-08', 'rooms': ['二居室(4)', '四居室(1)'], 'features': '配套齐全 购物方便 三甲医院 医疗配套', 'builders': '杭州同达置业有限公司', 'url_source': 'https://hz.fang.ke.com/loupan/p_bjtxjzafsav/'}"
"{'name': '蓝城久宸里', 'collecting_time': '2023-06-25', 'other_name': '鑫隆商务中心', 'area': '上城/南星/钱江路与候潮路交汇处', 'price': '80000', 'uint': '元/平(单价) ', 'value': '1785-3600', 'value_uint': '(万/套)(总价)', 'sale_status': '在售', 'house_type': '商业类', 'address': '钱江路与候潮路交汇处', 'new_open_date': '2018-12-31', 'rooms': ['三居室(2)', '四居室(2)', '五居室(2)'], 'features': '地铁沿线 公交直达 配套齐全 成熟商圈', 'builders': '浙江久光房地产开发有限公司', 'url_source': 'https://hz.fang.ke.com/loupan/p_lclcafsax/'}"
"{'name': '世茂西溪宸悦', 'collecting_time': '2023-06-25', 'other_name': '世茂泰禾中央广场,泰旭乐悠城', 'area': '西湖/西溪/西湖区双龙街与枫树路交汇处', 'price': '42000', 'uint': '元/平(单价) ', 'value': '220-385', 'value_uint': '(万/套)(总价)', 'sale_status': '在售', 'house_type': '商业类', 'address': '西湖区双龙街与枫树路交汇处', 'new_open_date': '2019-12-27', 'rooms': ['一居室(3)', '二居室(3)', '三居室(5)'], 'features': '公交直达 近主干道 配套齐全 成熟商圈', 'builders': '杭州禾睿房地产开发有限公司', 'url_source': 'https://hz.fang.ke.com/loupan/p_thzygcafsof/'}"
"{'name': '天目观山月', 'collecting_time': '2023-06-25', 'other_name': '铁树公寓', 'area': '临安/临安/天目山景区入口向南1公里处', 'price': '12800', 'uint': '元/平(单价) ', 'value': '63-90', 'value_uint': '(万/套)(总价)', 'sale_status': '在售', 'house_type': '住宅', 'address': '天目山景区入口向南1公里处', 'new_open_date': '2020-06-01', 'rooms': ['一居室(3)', '二居室(2)'], 'features': '低单价 低总价 公交直达 娱乐丰富', 'builders': '临安置润房产开发有限公司', 'url_source': 'https://hz.fang.ke.com/loupan/p_tmgsyafspt/'}"
"{'name': '中天MCC', 'collecting_time': '2023-06-25', 'other_name': '西城纪商务大厦', 'area': '西湖/嘉绿/毛家桥路', 'price': '40000', 'uint': '元/平(单价) ', 'sale_status': '待售', 'house_type': '底商', 'address': '毛家桥路', 'new_open_date': '时间待定', 'rooms': '', 'features': '地铁沿线 公交直达 美食云集 银行', 'builders': '杭州中天亚东房地产开发有限公司', 'url_source': 'https://hz.fang.ke.com/loupan/p_ztmccafsql/'}"
"{'name': '大华春山明月', 'collecting_time': '2023-06-25', 'other_name': '大华春山明月三期', 'area': '临安/临安/科技大道3186号', 'price': '37500', 'uint': '元/平(单价) ', 'value': '540-1020', 'value_uint': '(万/套)(总价)', 'sale_status': '在售', 'house_type': '别墅', 'address': '科技大道3186号', 'new_open_date': '2022-11-12', 'rooms': ['四居室(4)', '五居室(2)'], 'features': '公交直达 近主干道 购物方便 娱乐丰富', 'builders': '浙江大华房地产开发有限公司', 'url_source': 'https://hz.fang.ke.com/loupan/p_dhxyfyaaoxj/'}"
"{'name': '文居学府', 'collecting_time': '2023-06-25', 'other_name': '', 'area': '富阳/富春/文居街715号', 'price': '', 'sale_status': '待售', 'house_type': '商业', 'address': '文居街715号', 'new_open_date': '时间待定', 'rooms': '', 'features': '购物方便 娱乐丰富 现房 公园', 'builders': '浙江龙大地产有限公司', 'url_source': 'https://hz.fang.ke.com/loupan/p_wjxfaftba/'}"
"{'name': '云水山居', 'collecting_time': '2023-06-25', 'other_name': '金宇云水山居', 'area': '富阳/银湖科技城/银湖区九龙大道延伸段（杭州野生动物园附近）', 'price': '15600', 'uint': '元/平(单价) ', 'value': '240-576', 'value_uint': '(万/套)(总价)', 'sale_status': '在售', 'house_type': '住宅', 'address': '银湖区九龙大道延伸段（杭州野生动物园附近）', 'new_open_date': '2023-04-03', 'rooms': ['二居室(2)', '三居室(2)', '四居室(4)'], 'features': '低单价 临近高速 购物方便 娱乐丰富', 'builders': '杭州金宇房地产开发有限公司', 'url_source': 'https://hz.fang.ke.com/loupan/p_yssjaftdc/'}"
"{'name': '万科玖望', 'collecting_time': '2023-06-25', 'other_name': '玖望,君望花苑', 'area': '富阳/东洲/高尔夫路与江滨东大道交叉口往东200米', 'price': '20600', 'uint': '元/平(单价) ', 'value': '194', 'value_uint': '(万/套)(总价)', 'sale_status': '在售', 'house_type': '住宅', 'address': '高尔夫路与江滨东大道交叉口往东200米', 'new_open_date': '2021-03', 'rooms': ['三居室(1)'], 'features': '公交直达 近主干道 购物方便 美食云集', 'builders': '杭州富阳永通房地产开发有限公司', 'url_source': 'https://hz.fang.ke.com/loupan/p_wkjwaftdj/'}"
"{'name': '中铁建国际公馆', 'collecting_time': '2023-06-25', 'other_name': '中铁国际公馆,双湾国际城', 'area': '拱墅/拱宸桥/石祥路249号', 'price': '28000', 'uint': '元/平(单价) ', 'value': '79-180', 'value_uint': '(万/套)(总价)', 'sale_status': '在售', 'house_type': '商业类', 'address': '石祥路249号', 'new_open_date': '2021-04-20', 'rooms': ['一居室(6)', '二居室(2)'], 'features': '低总价 地铁沿线 公交直达 配套齐全', 'builders': '中铁房地产集团华东有限公司', 'url_source': 'https://hz.fang.ke.com/loupan/p_zgtjgjcaapag/'}"
"{'name': '银杏汇', 'collecting_time': '2023-06-25', 'other_name': '德城银杏汇', 'area': '滨江/彩虹城/闻涛路银杏汇', 'price': '140000', 'uint': '元/平(单价) ', 'value': '5500', 'value_uint': '(万/套)(总价)', 'sale_status': '在售', 'house_type': '住宅', 'address': '闻涛路银杏汇', 'new_open_date': '2015-11-14', 'rooms': '', 'features': '地铁沿线 配套齐全 购物方便 医疗配套', 'builders': '杭州德城置业有限公司', 'url_source': 'https://hz.fang.ke.com/loupan/p_yxhaapdg/'}"
"{'name': '宋都阳光国际', 'collecting_time': '2023-06-25', 'other_name': '阳光国际花园, 宋都阳光国际花园,宋都天瀾,宋都天润,听涛苑', 'area': '上城/九堡/通盛路阳光国际', 'price': '48000', 'uint': '元/平(单价) ', 'value': '1108-1800', 'value_uint': '(万/套)(总价)', 'sale_status': '在售', 'house_type': '住宅', 'address': '通盛路阳光国际', 'new_open_date': '2016-05-15', 'rooms': ['三居室(1)', '四居室(3)'], 'features': '配套齐全 购物方便 医疗配套 视频看房', 'builders': '浙江东霖房地产开发有限公司', 'url_source': 'https://hz.fang.ke.com/loupan/p_sdyggjaapgv/'}"
"{'name': '中港西湖院子', 'collecting_time': '2023-06-25', 'other_name': '中港罗兰小镇,金岸罗兰花苑', 'area': '余杭/中泰/中泰路2号', 'price': '900-1400', 'uint': '(万/套)(总价)', 'sale_status': '在售', 'house_type': '别墅', 'address': '中泰路2号', 'new_open_date': '2022-02-10', 'rooms': ['四居室(2)'], 'features': '公交直达 购物方便 娱乐丰富 医疗配套', 'builders': '杭州中港绿泰房地产开发有限公司', 'url_source': 'https://hz.fang.ke.com/loupan/p_zgllxzaasan/'}"
"{'name': '梦溪东明山居', 'collecting_time': '2023-06-25', 'other_name': '新弘斯维登森林度假村', 'area': '余杭/良渚/杭州市余杭区良渚街道，东明山森林公园入口', 'price': '24000', 'uint': '元/平(单价) ', 'value': '1077-1098', 'value_uint': '(万/套)(总价)', 'sale_status': '在售', 'house_type': '别墅', 'address': '杭州市余杭区良渚街道，东明山森林公园入口', 'new_open_date': '2016-11-30', 'rooms': ['三居室(1)', '四居室(2)', '五居室(1)'], 'features': '开发区 临近高速 成熟商圈 菜市场', 'builders': '杭州梦溪房地产开发有限公司', 'url_source': 'https://hz.fang.ke.com/loupan/p_mxdmsjaaxln/'}"
"{'name': '富春玫瑰园', 'collecting_time': '2023-06-25', 'other_name': '绿城富春玫瑰园', 'area': '富阳/东洲/东洲街道江滨东大道515号', 'price': '49000', 'uint': '元/平(单价) ', 'value': '1248', 'value_uint': '(万/套)(总价)', 'sale_status': '在售', 'house_type': '别墅', 'address': '东洲街道江滨东大道515号', 'new_open_date': '2023-01-23', 'rooms': ['四居室(1)', '五居室(3)', '六居室(1)'], 'features': '开发区 临近高速 成熟商圈 购物方便', 'builders': '杭州华滋绿城房地产有限公司', 'url_source': 'https://hz.fang.ke.com/loupan/p_lcfcmgyaaxlo/'}"
"{'name': '龙湖名景台一期', 'collecting_time': '2023-06-25', 'other_name': '名景台南苑', 'area': '上城/丁桥/同协路龙湖名景台一期', 'price': '', 'sale_status': '待售', 'house_type': '底商', 'address': '同协路龙湖名景台一期', 'new_open_date': '时间待定', 'rooms': '', 'features': '购物方便 美食云集 品牌房企 现房', 'builders': '杭州龙湖房地产开发有限公司', 'url_source': 'https://hz.fang.ke.com/loupan/p_lhmjtyqaaxlv/'}"
"{'name': '高润云杉郡', 'collecting_time': '2023-06-25', 'other_name': '云杉郡景中心', 'area': '滨江/彩虹城/滨文路云杉郡', 'price': '', 'sale_status': '待售', 'house_type': '商业', 'address': '滨文路云杉郡', 'new_open_date': '时间待定', 'rooms': '', 'features': '配套齐全 购物方便 医疗配套 品牌房企', 'builders': '杭州高润置业有限公司', 'url_source': 'https://hz.fang.ke.com/loupan/p_ysjaaxlw/'}"
"{'name': '华元西溪欢乐城', 'collecting_time': '2023-06-25', 'other_name': '西溪欢乐城', 'area': '余杭/翡翠城/五常大道华元西溪欢乐城', 'price': '', 'sale_status': '待售', 'house_type': '商业', 'address': '五常大道华元西溪欢乐城', 'new_open_date': '时间待定', 'rooms': '', 'features': '公交直达 配套齐全 购物方便 医疗配套', 'builders': '杭州欢乐城投资有限公司', 'url_source': 'https://hz.fang.ke.com/loupan/p_hyxxhlcaaxmh/'}"
"{'name': '招商雍华府', 'collecting_time': '2023-06-25', 'other_name': '雍华里, 雍华府', 'area': '上城/七堡/建华路与红五月路交界处南面', 'price': '', 'sale_status': '待售', 'house_type': '商业', 'address': '建华路与红五月路交界处南面', 'new_open_date': '时间待定', 'rooms': '', 'features': '地铁沿线 公交直达 娱乐丰富 运动健身', 'builders': '招商局地产（杭州）有限公司', 'url_source': 'https://hz.fang.ke.com/loupan/p_zsyhfaaxun/'}"
"{'name': '玺之湾', 'collecting_time': '2023-06-25', 'other_name': '昆湖·玺之湾', 'area': '上城/丁桥/笕丁路352号', 'price': '', 'sale_status': '待售', 'house_type': '商业', 'address': '笕丁路352号', 'new_open_date': '时间待定', 'rooms': '', 'features': '公交直达 银行 品牌房企 现房', 'builders': '杭州昆湖房地产开发有限公司', 'url_source': 'https://hz.fang.ke.com/loupan/p_xzwaaxvi/'}"
"{'name': '中海寰宇商务中心', 'collecting_time': '2023-06-25', 'other_name': '寰宇中心', 'area': '滨江/滨江区政府/闻涛路与西兴路交汇处', 'price': '', 'sale_status': '待售', 'house_type': '商业', 'address': '闻涛路与西兴路交汇处', 'new_open_date': '时间待定', 'rooms': '', 'features': '娱乐丰富 运动健身 医疗配套 现房', 'builders': '杭州世茂世盈房地产开发有限公司', 'url_source': 'https://hz.fang.ke.com/loupan/p_zhhyswzxaaxzo/'}"
"{'name': '世茂之西湖', 'collecting_time': '2023-06-25', 'other_name': '世融商业中心, 御涛轩, 世茂西西湖, 世茂茂御居', 'area': '滨江/彩虹城/西环路世茂之西湖', 'price': '', 'sale_status': '待售', 'house_type': '商业', 'address': '西环路世茂之西湖', 'new_open_date': '时间待定', 'rooms': '', 'features': '地铁沿线 配套齐全 购物方便 医疗配套', 'builders': '杭州世融汇盈置业有限公司', 'url_source': 'https://hz.fang.ke.com/loupan/p_smzxhaayjl/'}"
"{'name': '远洋香奈', 'collecting_time': '2023-06-25', 'other_name': '香庭', 'area': '上城/丁桥/同协路与华丰路交叉口东', 'price': '', 'sale_status': '待售', 'house_type': '商业', 'address': '同协路与华丰路交叉口东', 'new_open_date': '时间待定', 'rooms': '', 'features': '购物方便 娱乐丰富 医疗配套 品牌房企', 'builders': '杭州远鼎盛安置业有限公司', 'url_source': 'https://hz.fang.ke.com/loupan/p_yyxnaayxw/'}"
"{'name': '青山湖玫瑰园', 'collecting_time': '2023-06-25', 'other_name': '西子青山湖玫瑰园', 'area': '临安/临安/科技大道青山湖玫瑰园中心会所', 'price': '34800', 'uint': '元/平(单价) ', 'value': '624-774', 'value_uint': '(万/套)(总价)', 'sale_status': '在售', 'house_type': '别墅', 'address': '科技大道青山湖玫瑰园中心会所', 'new_open_date': '2023-02-23', 'rooms': ['四居室(1)', '八居室(1)', '九居室(1)'], 'features': '近主干道 购物方便 娱乐丰富 品牌房企', 'builders': '临安西子房地产开发有限公司', 'url_source': 'https://hz.fang.ke.com/loupan/p_qshmgyaazeo/'}"
"{'name': '新城红郡', 'collecting_time': '2023-06-25', 'other_name': '红郡御庄', 'area': '上城/丁桥/临丁路与长睦路交叉口以北', 'price': '', 'sale_status': '待售', 'house_type': '商业', 'address': '临丁路与长睦路交叉口以北', 'new_open_date': '时间待定', 'rooms': '', 'features': '配套齐全 购物方便 医疗配套 品牌房企', 'builders': '杭州嘉浩房地产开发有限公司', 'url_source': 'https://hz.fang.ke.com/loupan/p_xchjabaxc/'}"
"{'name': '佳源名城', 'collecting_time': '2023-06-25', 'other_name': '', 'area': '临平区/崇贤/崇贤镇洋湾路佳缘名城', 'price': '', 'sale_status': '待售', 'house_type': '商业', 'address': '崇贤镇洋湾路佳缘名城', 'new_open_date': '时间待定', 'rooms': '', 'features': '公交直达 配套齐全 购物方便 医疗配套', 'builders': '杭州崇源房地产开发有限公司', 'url_source': 'https://hz.fang.ke.com/loupan/p_jymcabaxu/'}"
"{'name': '浅山', 'collecting_time': '2023-06-25', 'other_name': '浅山花园,六合浅山', 'area': '淳安/淳安/芙蓉路六合浅山', 'price': '14500', 'uint': '元/平(单价) ', 'value': '98-190', 'value_uint': '(万/套)(总价)', 'sale_status': '在售', 'house_type': '住宅', 'address': '芙蓉路六合浅山', 'new_open_date': '2020-09', 'rooms': ['二居室(2)', '三居室(1)', '四居室(1)'], 'features': '临近高速 3D楼书 视频看房 湖景', 'builders': '淳安怡和置业有限公司', 'url_source': 'https://hz.fang.ke.com/loupan/p_lhqsabays/'}"
"{'name': '泰美国际大厦', 'collecting_time': '2023-06-25', 'other_name': '--待定--', 'area': '钱塘区/金沙湖/经济技术开发区金沙大道与幸福路交叉口', 'price': '', 'sale_status': '在售', 'house_type': '商业', 'address': '经济技术开发区金沙大道与幸福路交叉口', 'new_open_date': '时间待定', 'rooms': '', 'features': '娱乐丰富 现房 公园 景区', 'builders': '杭州九阳置业有限公司', 'url_source': 'https://hz.fang.ke.com/loupan/p_tmgjdsabbhc/'}"
"{'name': '保亿风景晨园', 'collecting_time': '2023-06-25', 'other_name': '风景晨园', 'area': '临平区/乔司/杭海路与一号路交叉口保亿风景晨园', 'price': '', 'sale_status': '待售', 'house_type': '商业', 'address': '杭海路与一号路交叉口保亿风景晨园', 'new_open_date': '时间待定', 'rooms': '', 'features': '购物方便 美食云集 品牌房企 现房', 'builders': '保亿置业（杭州余杭）有限公司', 'url_source': 'https://hz.fang.ke.com/loupan/p_byfjcyabbtp/'}"
"{'name': '东海闲湖城', 'collecting_time': '2023-06-25', 'other_name': '东海·闲湖城,玉屏湾,闲湖城,栖霞湾,东海闲湖城·栖霞湾', 'area': '余杭/闲林/天目山西路277号', 'price': '22150', 'uint': '元/平(单价) ', 'value': '190-288', 'value_uint': '(万/套)(总价)', 'sale_status': '在售', 'house_type': '住宅', 'address': '天目山西路277号', 'new_open_date': '2023-05-21', 'rooms': ['三居室(3)', '四居室(5)'], 'features': '公交直达 配套齐全 成熟商圈 三甲医院', 'builders': '杭州东海春房地产开发有限公司', 'url_source': 'https://hz.fang.ke.com/loupan/p_dhxhcabcrj/'}"
"{'name': '空港新天地', 'collecting_time': '2023-06-25', 'other_name': '', 'area': '萧山/大江东/靖江路空港新天地', 'price': '', 'sale_status': '待售', 'house_type': '商业', 'address': '靖江路空港新天地', 'new_open_date': '时间待定', 'rooms': '', 'features': '购物方便 娱乐丰富 品牌房企 现房', 'builders': '杭州德意空港商业发展有限公司', 'url_source': 'https://hz.fang.ke.com/loupan/p_kgxtdabczf/'}"
"{'name': '景瑞御华府', 'collecting_time': '2023-06-25', 'other_name': '御华府', 'area': '临平区/临平新城/世纪大道景瑞御华府', 'price': '', 'sale_status': '待售', 'house_type': '商业', 'address': '世纪大道景瑞御华府', 'new_open_date': '时间待定', 'rooms': '', 'features': '公交直达 购物方便 娱乐丰富 医疗配套', 'builders': '杭州景航置业有限公司', 'url_source': 'https://hz.fang.ke.com/loupan/p_jryhfabdel/'}"
"{'name': '恒基旭辉府', 'collecting_time': '2023-06-25', 'other_name': '旭辉府', 'area': '临平区/崇贤/崇杭路恒基旭辉府', 'price': '', 'sale_status': '待售', 'house_type': '商业', 'address': '崇杭路恒基旭辉府', 'new_open_date': '时间待定', 'rooms': '', 'features': '公交直达 配套齐全 购物方便 医疗配套', 'builders': '杭州旭开置业有限公司', 'url_source': 'https://hz.fang.ke.com/loupan/p_hjxhfabdeq/'}"
"{'name': '中国铁建保利像素', 'collecting_time': '2023-06-25', 'other_name': '像之素公寓', 'area': '钱塘区/大学城北/银海街与千帆路交叉口 中国铁建保利像素', 'price': '', 'sale_status': '待售', 'house_type': '商业', 'address': '银海街与千帆路交叉口 中国铁建保利像素', 'new_open_date': '时间待定', 'rooms': '', 'features': '配套齐全 购物方便 医疗配套 品牌房企', 'builders': '杭州建申房地产开发有限公司', 'url_source': 'https://hz.fang.ke.com/loupan/p_zgtjblxsabdtw/'}"
"{'name': '钱塘ONE', 'collecting_time': '2023-06-25', 'other_name': '钱塘湾', 'area': '西湖/转塘/杭州市西湖区枫桦东路和梧桐路交叉口', 'price': '40000', 'uint': '元/平(单价) ', 'value': '110-520', 'value_uint': '(万/套)(总价)', 'sale_status': '在售', 'house_type': '商业类', 'address': '杭州市西湖区枫桦东路和梧桐路交叉口', 'new_open_date': '2018-12-15', 'rooms': ['一居室(1)', '二居室(5)', '三居室(1)'], 'features': '低总价 近主干道 购物方便 超市', 'builders': '杭州汇辉置业有限公司', 'url_source': 'https://hz.fang.ke.com/loupan/p_slqtoabdvm/'}"
"{'name': '卓越蔚蓝领秀一期', 'collecting_time': '2023-06-25', 'other_name': '卓蓝华庭,卓越华庭', 'area': '上城/丁桥/临丁路与华鹤街交汇处', 'price': '', 'sale_status': '待售', 'house_type': '商业', 'address': '临丁路与华鹤街交汇处', 'new_open_date': '时间待定', 'rooms': '', 'features': '公交直达 配套齐全 购物方便 医疗配套', 'builders': '杭州卓越城置业有限公司', 'url_source': 'https://hz.fang.ke.com/loupan/p_zywllxyqabdyn/'}"
"{'name': '万泰城章', 'collecting_time': '2023-06-25', 'other_name': '万泰·城章', 'area': '临平区/临平新城/世纪大道西万泰城章', 'price': '', 'sale_status': '待售', 'house_type': '商业', 'address': '世纪大道西万泰城章', 'new_open_date': '时间待定', 'rooms': '', 'features': '地铁沿线 公交直达 配套齐全 购物方便', 'builders': '杭州万凯置业有限公司', 'url_source': 'https://hz.fang.ke.com/loupan/p_wtczabehz/'}"
"{'name': '相寓', 'collecting_time': '2023-06-25', 'other_name': '荷田相寓', 'area': '临平区/东湖/临平大道与荷禹路交叉口（万宝城北，天荷公园旁）', 'price': '', 'sale_status': '待售', 'house_type': '商业', 'address': '临平大道与荷禹路交叉口（万宝城北，天荷公园旁）', 'new_open_date': '时间待定', 'rooms': '', 'features': '银行 医疗配套 现房', 'builders': '杭州塘栖大厦有限公司', 'url_source': 'https://hz.fang.ke.com/loupan/p_xyabejt/'}"
"{'name': '万科大家九都会', 'collecting_time': '2023-06-25', 'other_name': '', 'area': '富阳/银湖科技城/杭州市富阳区富春街道公望街', 'price': '', 'sale_status': '待售', 'house_type': '商业', 'address': '杭州市富阳区富春街道公望街', 'new_open_date': '时间待定', 'rooms': '', 'features': '购物方便 娱乐丰富 医疗配套 品牌房企', 'builders': '杭州万科大家房地产开发有限公司', 'url_source': 'https://hz.fang.ke.com/loupan/p_wkdjjdhabekb/'}"
"{'name': '富阳宝龙城市广场', 'collecting_time': '2023-06-25', 'other_name': '', 'area': '富阳/富春/富阳富春街道育才西路320交汇处', 'price': '', 'sale_status': '待售', 'house_type': '商业', 'address': '富阳富春街道育才西路320交汇处', 'new_open_date': '时间待定', 'rooms': '', 'features': '购物方便 娱乐丰富 医疗配套 品牌房企', 'builders': '富阳宝龙房地产开发有限公司', 'url_source': 'https://hz.fang.ke.com/loupan/p_fyblcsgcabemo/'}"
"{'name': '大家悦墅', 'collecting_time': '2023-06-25', 'other_name': '', 'area': '富阳/富春/育才西路380号', 'price': '', 'sale_status': '待售', 'house_type': '商业', 'address': '育才西路380号', 'new_open_date': '时间待定', 'rooms': '', 'features': '购物方便 娱乐丰富 品牌房企 现房', 'builders': '杭州市城建开发集团有限公司', 'url_source': 'https://hz.fang.ke.com/loupan/p_djysabene/'}"
"{'name': '理想西溪金座', 'collecting_time': '2023-06-25', 'other_name': '西溪金座', 'area': '余杭/未来科技城/荆长路758号', 'price': '', 'sale_status': '待售', 'house_type': '商业', 'address': '荆长路758号', 'new_open_date': '时间待定', 'rooms': '', 'features': '公交直达 购物方便 娱乐丰富 医疗配套', 'builders': '杭州天畅网络科技有限公司', 'url_source': 'https://hz.fang.ke.com/loupan/p_lxxxjzabexi/'}"
"{'name': '阳光城翡丽湾', 'collecting_time': '2023-06-25', 'other_name': '翡丽湾', 'area': '上城/丁桥/华中路与大农港路口', 'price': '', 'sale_status': '待售', 'house_type': '商业', 'address': '华中路与大农港路口', 'new_open_date': '时间待定', 'rooms': '', 'features': '公交直达 配套齐全 购物方便 医疗配套', 'builders': '杭州臻博房地产开发有限公司', 'url_source': 'https://hz.fang.ke.com/loupan/p_ygcflwabezn/'}"
"{'name': '东方茂', 'collecting_time': '2023-06-25', 'other_name': '', 'area': '富阳/富春/金桥北路69号', 'price': '', 'sale_status': '待售', 'house_type': '商业', 'address': '金桥北路69号', 'new_open_date': '时间待定', 'rooms': '', 'features': '现房 车位充足', 'builders': '浙商建业有限公司杭州分公司', 'url_source': 'https://hz.fang.ke.com/loupan/p_dfmabftt/'}"
"{'name': '钱江西溪和景', 'collecting_time': '2023-06-25', 'other_name': '和景商务中心, 西溪和景', 'area': '西湖/文三西路/西溪路537号', 'price': '', 'sale_status': '待售', 'house_type': '商业', 'address': '西溪路537号', 'new_open_date': '时间待定', 'rooms': '', 'features': '配套齐全 购物方便 医疗配套 品牌房企', 'builders': '杭州和景置业有限公司', 'url_source': 'https://hz.fang.ke.com/loupan/p_qjxxhjabgmg/'}"
"{'name': '长睦邻里人家东苑', 'collecting_time': '2023-06-25', 'other_name': '邻里人家, 华元邻里人家', 'area': '上城/丁桥/长虹路686号', 'price': '', 'sale_status': '待售', 'house_type': '商业', 'address': '长虹路686号', 'new_open_date': '时间待定', 'rooms': '', 'features': '购物方便 娱乐丰富 现房 公园', 'builders': '杭州华元房地产开发有限公司', 'url_source': 'https://hz.fang.ke.com/loupan/p_cmllrjdyyxabgqr/'}"
"{'name': '时间名座玺寓', 'collecting_time': '2023-06-25', 'other_name': '宋都时间名座,时间名座,宋都时间名座后浪', 'area': '临平区/临平新城/藕花洲大街与宝幢路交叉口', 'price': '20000', 'uint': '元/平(单价) ', 'value': '80-120', 'value_uint': '(万/套)(总价)', 'sale_status': '在售', 'house_type': '商业类', 'address': '藕花洲大街与宝幢路交叉口', 'new_open_date': '2019-09-13', 'rooms': ['一居室(1)', '二居室(3)'], 'features': '公交直达 配套齐全 购物方便 医疗配套', 'builders': '杭州加悦都实业有限公司', 'url_source': 'https://hz.fang.ke.com/loupan/p_sdsjmzabhip/'}"
"{'name': '富春印象金座', 'collecting_time': '2023-06-25', 'other_name': '', 'area': '富阳/银湖科技城/恩波大道与北环路交叉路口', 'price': '', 'sale_status': '待售', 'house_type': '商业', 'address': '恩波大道与北环路交叉路口', 'new_open_date': '时间待定', 'rooms': '', 'features': '品牌房企 现房', 'builders': '杭州富阳富凯房地产开发有限公司', 'url_source': 'https://hz.fang.ke.com/loupan/p_fcyxjzabhiq/'}"
"{'name': '萧山新农都农贸市场', 'collecting_time': '2023-06-25', 'other_name': '', 'area': '萧山/萧山开发区/民和路与平澜路交汇处', 'price': '', 'sale_status': '待售', 'house_type': '商业', 'address': '民和路与平澜路交汇处', 'new_open_date': '时间待定', 'rooms': '', 'features': '娱乐丰富 运动健身 医疗配套 品牌房企', 'builders': '杭州信融置业有限公司', 'url_source': 'https://hz.fang.ke.com/loupan/p_xsxndnmscabifr/'}"
"{'name': '鼎和金座', 'collecting_time': '2023-06-25', 'other_name': '--待定--', 'area': '临平区/临平新城/杭州市余杭区临平星光路与临东路交叉口向东300米', 'price': '21000', 'uint': '元/平(单价) ', 'value': '90-100', 'value_uint': '(万/套)(总价)', 'sale_status': '在售', 'house_type': '商业类', 'address': '杭州市余杭区临平星光路与临东路交叉口向东300米', 'new_open_date': '2019-11-17', 'rooms': ['二居室(2)'], 'features': '公交直达 近主干道 配套齐全 购物方便', 'builders': '杭州禹禾房地产开发有限公司', 'url_source': 'https://hz.fang.ke.com/loupan/p_dhjzabjrc/'}"
"{'name': '公元帝景', 'collecting_time': '2023-06-25', 'other_name': '公元帝景府', 'area': '萧山/萧山开发区/大岩风景旅游度假村', 'price': '21500', 'uint': '元/平(单价) ', 'value': '713-966', 'value_uint': '(万/套)(总价)', 'sale_status': '在售', 'house_type': '别墅', 'address': '大岩风景旅游度假村', 'new_open_date': '2021-08-17', 'rooms': ['四居室(1)', '五居室(4)'], 'features': '医疗配套 3D楼书 视频看房 现房', 'builders': '杭州帝凯房地产开发有限公司', 'url_source': 'https://hz.fang.ke.com/loupan/p_gydjabjua/'}"
"{'name': '首开望宸', 'collecting_time': '2023-06-25', 'other_name': '望宸府', 'area': '拱墅/半山/广济路首开望宸', 'price': '', 'sale_status': '待售', 'house_type': '商业', 'address': '广济路首开望宸', 'new_open_date': '时间待定', 'rooms': '', 'features': '配套齐全 购物方便 医疗配套 品牌房企', 'builders': '杭州首开旭泰房地产开发有限公司', 'url_source': 'https://hz.fang.ke.com/loupan/p_skwcabkvi/'}"
"{'name': '易辰江南大院', 'collecting_time': '2023-06-25', 'other_name': '--待定--', 'area': '临安/临安/浙江省杭州市临安区潘山村科技大道与陈市线交叉口北700米路西', 'price': '32000', 'uint': '元/平(单价) ', 'value': '410-760', 'value_uint': '(万/套)(总价)', 'sale_status': '在售', 'house_type': '别墅', 'address': '浙江省杭州市临安区潘山村科技大道与陈市线交叉口北7...', 'new_open_date': '2022-06', 'rooms': ['三居室(1)', '四居室(1)', '五居室(4)'], 'features': '特价好房 超市 品牌房企 VR看房', 'builders': '杭州易辰房地产开发有限公司', 'url_source': 'https://hz.fang.ke.com/loupan/p_ycndyablvp/'}"
"{'name': '文渊狮城', 'collecting_time': '2023-06-25', 'other_name': '千岛湖文渊狮城', 'area': '淳安/淳安/淳安县姜家镇狮城路1号文渊狮城度假区', 'price': '22000', 'uint': '元/平(单价) ', 'value': '503-650', 'value_uint': '(万/套)(总价)', 'sale_status': '在售', 'house_type': '别墅', 'address': '淳安县姜家镇狮城路1号文渊狮城度假区', 'new_open_date': '2020-10', 'rooms': ['四居室(2)', '五居室(1)'], 'features': '购物方便 娱乐丰富 医疗配套 视频看房', 'builders': '杭州千岛湖新天地文化发展有限公司', 'url_source': 'https://hz.fang.ke.com/loupan/p_wyscabmmj/'}"
"{'name': '锦绣时代中心', 'collecting_time': '2023-06-25', 'other_name': '金顺锦绣时代中心, 锦绣时代', 'area': '余杭/老余杭/禹航路1080号', 'price': '', 'sale_status': '待售', 'house_type': '商业', 'address': '禹航路1080号', 'new_open_date': '时间待定', 'rooms': '', 'features': '购物方便 美食云集 现房 车位充足', 'builders': '杭州金顺实业投资开发有限公司', 'url_source': 'https://hz.fang.ke.com/loupan/p_jxsdzxabmmp/'}"
"{'name': '运河印', 'collecting_time': '2023-06-25', 'other_name': '融创万融城,万融城', 'area': '拱墅/万达广场/祥瑞路与星桥街交叉口', 'price': '24000', 'uint': '元/平(单价) ', 'value': '115-320', 'value_uint': '(万/套)(总价)', 'sale_status': '在售', 'house_type': '商业类', 'address': '祥瑞路与星桥街交叉口', 'new_open_date': '2021-09-10', 'rooms': ['一居室(3)', '二居室(13)', '三居室(4)'], 'features': '近主干道 配套齐全 成熟商圈 医疗配套', 'builders': '浙江万融置业有限公司', 'url_source': 'https://hz.fang.ke.com/loupan/p_wrcabnnp/'}"
"{'name': '绿地商业中心', 'collecting_time': '2023-06-25', 'other_name': '绿地华家池印,印公馆', 'area': '上城/华家池/环城北路东2800米（艮山西路与秋涛北路交叉口）', 'price': '38000', 'uint': '元/平(单价) ', 'value': '140-420', 'value_uint': '(万/套)(总价)', 'sale_status': '在售', 'house_type': '商业类', 'address': '环城北路东2800米（艮山西路与秋涛北路交叉口）', 'new_open_date': '2019-07', 'rooms': ['一居室(2)', '二居室(4)', '三居室(1)'], 'features': '地铁沿线 近主干道 配套齐全 成熟商圈', 'builders': '绿地控股集团杭州东城房地产开发有限公司', 'url_source': 'https://hz.fang.ke.com/loupan/p_ldhjcyabnyw/'}"
"{'name': '迎宾商城', 'collecting_time': '2023-06-25', 'other_name': '迎宾广场', 'area': '富阳/银湖科技城/恩波大道718号', 'price': '', 'sale_status': '待售', 'house_type': '商业', 'address': '恩波大道718号', 'new_open_date': '时间待定', 'rooms': '', 'features': '银行 医疗配套 现房', 'builders': '杭州富阳东贸置业有限公司', 'url_source': 'https://hz.fang.ke.com/loupan/p_ybscabobk/'}"
"{'name': '招商越秀公园1872', 'collecting_time': '2023-06-25', 'other_name': '汇港城', 'area': '上城/七堡/建华路招商越秀公园1872', 'price': '46000', 'uint': '元/平(单价) ', 'value': '200', 'value_uint': '(万/套)(总价)', 'sale_status': '在售', 'house_type': '商业', 'address': '建华路招商越秀公园1872', 'new_open_date': '2020-04-08', 'rooms': '', 'features': '地铁沿线 公交直达 配套齐全 购物方便', 'builders': '招商局地产（杭州）有限公司', 'url_source': 'https://hz.fang.ke.com/loupan/p_zsyxgyabonk/'}"
"{'name': '中赢云际', 'collecting_time': '2023-06-25', 'other_name': '', 'area': '滨江/滨江区政府/江虹路中赢云际', 'price': '', 'sale_status': '待售', 'house_type': '写字楼', 'address': '江虹路中赢云际', 'new_open_date': '时间待定', 'rooms': '', 'features': '地铁沿线 配套齐全 购物方便 医疗配套', 'builders': '杭州中赢华倬置业有限公司', 'url_source': 'https://hz.fang.ke.com/loupan/p_zyyjabono/'}"
"{'name': '宋都时间名座', 'collecting_time': '2023-06-25', 'other_name': '时间名座,宋都时间名座后浪', 'area': '临平区/临平新城/藕花洲大街与宝幢路交叉口', 'price': '21000', 'uint': '元/平(单价) ', 'value': '2800', 'value_uint': '(万/套)(总价)', 'sale_status': '在售', 'house_type': '商业', 'address': '藕花洲大街与宝幢路交叉口', 'new_open_date': '2018-11-30', 'rooms': '', 'features': '公交直达 配套齐全 购物方便 医疗配套', 'builders': '杭州加悦都实业有限公司', 'url_source': 'https://hz.fang.ke.com/loupan/p_sdsjmzaboom/'}"
"{'name': '西溪永乐城', 'collecting_time': '2023-06-25', 'other_name': '杭州西溪永乐城', 'area': '余杭/未来科技城/景兴路西溪永乐城', 'price': '', 'sale_status': '待售', 'house_type': '商业', 'address': '景兴路西溪永乐城', 'new_open_date': '时间待定', 'rooms': '', 'features': '地铁沿线 配套齐全 购物方便 医疗配套', 'builders': '杭州鑫瑞置业有限公司', 'url_source': 'https://hz.fang.ke.com/loupan/p_xxylcabtvn/'}"
"{'name': '春意江南名邸', 'collecting_time': '2023-06-25', 'other_name': '春意江南', 'area': '钱塘区/大江东/闸北村临鸿南路与创岩路之间', 'price': '18800', 'uint': '元/平(单价) ', 'value': '170-210', 'value_uint': '(万/套)(总价)', 'sale_status': '在售', 'house_type': '住宅', 'address': '闸北村临鸿南路与创岩路之间', 'new_open_date': '2022-12-24', 'rooms': ['二居室(1)', '四居室(3)'], 'features': 'VR看房 优惠楼盘 现房 小型社区', 'builders': '杭州祥强房地产开发有限公司', 'url_source': 'https://hz.fang.ke.com/loupan/p_cyjnmdabtvv/'}"
"{'name': '盈都吾角商业中心', 'collecting_time': '2023-06-25', 'other_name': '吾角商业中心,五角广场', 'area': '钱塘区/金沙湖/高沙路地铁站东100米', 'price': '28500', 'uint': '元/平(单价) ', 'value': '145-148', 'value_uint': '(万/套)(总价)', 'sale_status': '在售', 'house_type': '商业类', 'address': '高沙路地铁站东100米', 'new_open_date': '2020-10-01', 'rooms': ['一居室(3)', '二居室(2)'], 'features': '公交直达 配套齐全 成熟商圈 医疗配套', 'builders': '杭州盈坤置业有限公司', 'url_source': 'https://hz.fang.ke.com/loupan/p_ydwjgcabxfz/'}"
"{'name': '东方一号', 'collecting_time': '2023-06-25', 'other_name': '东方壹号公寓', 'area': '萧山/萧山新城区/宁东路东方一号', 'price': '', 'sale_status': '待售', 'house_type': '商业', 'address': '宁东路东方一号', 'new_open_date': '时间待定', 'rooms': '', 'features': '地铁沿线 公交直达 配套齐全 购物方便', 'builders': '浙江胜达房地产开发有限公司', 'url_source': 'https://hz.fang.ke.com/loupan/p_dfyhacfab/'}"
"{'name': '天骄香槟郡', 'collecting_time': '2023-06-25', 'other_name': '香槟郡小区', 'area': '建德/建德/更楼街道寿昌江西侧', 'price': '9000', 'uint': '元/平(单价) ', 'value': '86-113', 'value_uint': '(万/套)(总价)', 'sale_status': '在售', 'house_type': '住宅', 'address': '更楼街道寿昌江西侧', 'new_open_date': '2018-05-01', 'rooms': ['三居室(4)'], 'features': '公交直达 近主干道 配套齐全 购物方便', 'builders': '浙江天骄置业有限公司', 'url_source': 'https://hz.fang.ke.com/loupan/p_tjxbjbidyt/'}"
"{'name': '华元蒙卡岸', 'collecting_time': '2023-06-25', 'other_name': '蒙卡岸', 'area': '余杭/翡翠城/五常大道蒙卡岸', 'price': '', 'sale_status': '待售', 'house_type': '底商', 'address': '五常大道蒙卡岸', 'new_open_date': '时间待定', 'rooms': '', 'features': '现房', 'builders': '杭州华元房地产开发有限公司', 'url_source': 'https://hz.fang.ke.com/loupan/p_hymkabidza/'}"
"{'name': '飘鹰富春江花苑', 'collecting_time': '2023-06-25', 'other_name': '富春江花苑', 'area': '桐庐/桐庐/春江东路与学院路交叉口', 'price': '17000', 'uint': '元/平(单价) ', 'value': '132-187', 'value_uint': '(万/套)(总价)', 'sale_status': '在售', 'house_type': '住宅', 'address': '春江东路与学院路交叉口', 'new_open_date': '2020-11-11', 'rooms': ['一居室(4)', '二居室(2)', '三居室(2)'], 'features': '公交直达 近主干道 购物方便 美食云集', 'builders': '桐庐飘鹰置业有限公司', 'url_source': 'https://hz.fang.ke.com/loupan/p_cjhybiejk/'}"
"{'name': '云水山居', 'collecting_time': '2023-06-25', 'other_name': '金宇云水山居', 'area': '富阳/银湖科技城/九龙大道延伸段（杭州野生动物园附近）', 'price': '24500', 'uint': '元/平(单价) ', 'value': '530-1600', 'value_uint': '(万/套)(总价)', 'sale_status': '在售', 'house_type': '别墅', 'address': '九龙大道延伸段（杭州野生动物园附近）', 'new_open_date': '2023-04-03', 'rooms': ['四居室(1)', '五居室(3)', '六居室(1)'], 'features': '临近高速 购物方便 娱乐丰富 三甲医院', 'builders': '杭州金宇房地产开发有限公司', 'url_source': 'https://hz.fang.ke.com/loupan/p_yssjbiflz/'}"
"{'name': '山南印', 'collecting_time': '2023-06-25', 'other_name': '金瑞山南印', 'area': '上城/复兴/水澄路北路8号', 'price': '36000', 'uint': '元/平(单价) ', 'value': '1026', 'value_uint': '(万/套)(总价)', 'sale_status': '在售', 'house_type': '写字楼', 'address': '水澄路北路8号', 'new_open_date': '2019-07', 'rooms': '', 'features': '地铁沿线 近主干道 配套齐全 购物方便', 'builders': '杭州泰悦置业有限公司', 'url_source': 'https://hz.fang.ke.com/loupan/p_snybimdt/'}"
"{'name': '招商I-Park', 'collecting_time': '2023-06-25', 'other_name': '汇铂金座', 'area': '上城/七堡/新塘路与五号港之路交叉口', 'price': '55000', 'uint': '元/平(单价) ', 'value': '198', 'value_uint': '(万/套)(总价)', 'sale_status': '在售', 'house_type': '底商', 'address': '新塘路与五号港之路交叉口', 'new_open_date': '2018-10', 'rooms': '', 'features': '地铁沿线 公交直达 配套齐全 购物方便', 'builders': '杭州杭盛房地产开发有限公司', 'url_source': 'https://hz.fang.ke.com/loupan/p_zsibiqxt/'}"
"{'name': '新城龙湖湾上风华', 'collecting_time': '2023-06-25', 'other_name': '郡上蓝湾', 'area': '上城/丁桥/天山路新城湾上风华', 'price': '', 'sale_status': '待售', 'house_type': '底商', 'address': '天山路新城湾上风华', 'new_open_date': '时间待定', 'rooms': '', 'features': '公交直达 配套齐全 购物方便 医疗配套', 'builders': '杭州新城松郡房地产开发有限公司', 'url_source': 'https://hz.fang.ke.com/loupan/p_xclhwsfhbiwas/'}"
"{'name': '越秀星悦城', 'collecting_time': '2023-06-25', 'other_name': '越秀星汇城,星悦城', 'area': '临安/青山湖科技城/杭州市临安区青山湖科技城唐塍街与星港路交叉口', 'price': '21600', 'uint': '元/平(单价) ', 'value': '280', 'value_uint': '(万/套)(总价)', 'sale_status': '在售', 'house_type': '住宅', 'address': '杭州市临安区青山湖科技城唐塍街与星港路交叉口', 'new_open_date': '2022-04-18', 'rooms': ['三居室(4)', '四居室(2)'], 'features': '公交直达 购物方便 娱乐丰富 医疗配套', 'builders': '杭州越秀房地产开发有限公司', 'url_source': 'https://hz.fang.ke.com/loupan/p_yxxhabiyvi/'}"
"{'name': '天骄香槟郡', 'collecting_time': '2023-06-25', 'other_name': '香槟郡小区', 'area': '建德/建德/更楼街道寿昌江西侧', 'price': '18000', 'uint': '元/平(单价) ', 'value': '336-480', 'value_uint': '(万/套)(总价)', 'sale_status': '在售', 'house_type': '别墅', 'address': '更楼街道寿昌江西侧', 'new_open_date': '2018-08-01', 'rooms': ['三居室(1)', '四居室(1)'], 'features': '公交直达 近主干道 配套齐全 购物方便', 'builders': '浙江天骄置业有限公司', 'url_source': 'https://hz.fang.ke.com/loupan/p_tjxbjbjenk/'}"
"{'name': '万科公望', 'collecting_time': '2023-06-25', 'other_name': '富春泉水湾', 'area': '富阳/东洲/东洲街道江滨东大道819号', 'price': '50200', 'uint': '元/平(单价) ', 'value': '1100-1500', 'value_uint': '(万/套)(总价)', 'sale_status': '在售', 'house_type': '别墅', 'address': '东洲街道江滨东大道819号', 'new_open_date': '2023-06', 'rooms': ['四居室(5)'], 'features': '临近高速 购物方便 娱乐丰富 医疗配套', 'builders': '杭州富阳万科房地产开发有限公司', 'url_source': 'https://hz.fang.ke.com/loupan/p_wkgwbjgjx/'}"
"{'name': '祥生云湖城', 'collecting_time': '2023-06-25', 'other_name': '银湖新语公寓', 'area': '富阳/银湖科技城/富阳区银湖街道祥生云湖城售楼处(银湖实验学校对面)', 'price': '20500', 'uint': '元/平(单价) ', 'value': '243-280', 'value_uint': '(万/套)(总价)', 'sale_status': '在售', 'house_type': '住宅', 'address': '富阳区银湖街道祥生云湖城售楼处(银湖实验学校对面)', 'new_open_date': '2021-06-15', 'rooms': ['三居室(4)', '四居室(3)'], 'features': '近主干道 临近高速 成熟商圈 购物方便', 'builders': '杭州祥生弘达房地产开发有限公司', 'url_source': 'https://hz.fang.ke.com/loupan/p_xsyhcbjgsq/'}"
"{'name': '山水时代', 'collecting_time': '2023-06-25', 'other_name': '山水时代大厦', 'area': '萧山/钱江世纪城/市心北路和奔竞大道交叉口', 'price': '47000', 'uint': '元/平(单价) ', 'value': '280-380', 'value_uint': '(万/套)(总价)', 'sale_status': '在售', 'house_type': '商业类', 'address': '市心北路和奔竞大道交叉口', 'new_open_date': '2018-12-13', 'rooms': ['二居室(2)', '三居室(1)', '四居室(2)'], 'features': '地铁沿线 多轨交汇 配套齐全 成熟商圈', 'builders': '杭州龙都置业有限公司', 'url_source': 'https://hz.fang.ke.com/loupan/p_sssdbjhcr/'}"
"{'name': '越秀景瑞悦见山', 'collecting_time': '2023-06-25', 'other_name': '嘉悦府', 'area': '临平区/东湖/平兴国路越秀景瑞悦见山', 'price': '', 'sale_status': '待售', 'house_type': '底商', 'address': '平兴国路越秀景瑞悦见山', 'new_open_date': '时间待定', 'rooms': '', 'features': '公交直达 配套齐全 购物方便 医疗配套', 'builders': '杭州越荣房地产开发有限公司', 'url_source': 'https://hz.fang.ke.com/loupan/p_yxjryjsbjjaq/'}"
"{'name': '春江山居', 'collecting_time': '2023-06-25', 'other_name': '春江·山居', 'area': '桐庐/桐庐/杭州市桐庐县富春西路与环城西路交叉口西南100米', 'price': '12000', 'uint': '元/平(单价) ', 'value': '72-119', 'value_uint': '(万/套)(总价)', 'sale_status': '在售', 'house_type': '住宅', 'address': '杭州市桐庐县富春西路与环城西路交叉口西南100米', 'new_open_date': '2018-12-25', 'rooms': ['一居室(1)', '二居室(1)', '三居室(1)'], 'features': '近主干道 购物方便 美食云集 视频看房', 'builders': '杭州爱丽娜房地产开发有限公司', 'url_source': 'https://hz.fang.ke.com/loupan/p_cjsjbjjpw/'}"
"{'name': '禹洲滨澜铭座', 'collecting_time': '2023-06-25', 'other_name': '禹洲滨之澜苑,禹洲滨之江', 'area': '西湖/转塘/杭州市西湖区枫桦东路与梧桐路口', 'price': '25000', 'uint': '元/平(单价) ', 'value': '125-162', 'value_uint': '(万/套)(总价)', 'sale_status': '在售', 'house_type': '商业类', 'address': '杭州市西湖区枫桦东路与梧桐路口', 'new_open_date': '2019-09-20', 'rooms': ['一居室(4)', '二居室(2)'], 'features': '低总价 公交直达 临近高速 购物方便', 'builders': '中维地产浙江有限公司', 'url_source': 'https://hz.fang.ke.com/loupan/p_yzbzjbjjwo/'}"
"{'name': '金马高悦府', 'collecting_time': '2023-06-25', 'other_name': '高悦府', 'area': '桐庐/桐庐/宝心路555号', 'price': '19000', 'uint': '元/平(单价) ', 'value': '175', 'value_uint': '(万/套)(总价)', 'sale_status': '在售', 'house_type': '住宅', 'address': '宝心路555号', 'new_open_date': '2020-07-18', 'rooms': ['三居室(2)', '四居室(1)'], 'features': '公交直达 开发区 购物方便 娱乐丰富', 'builders': '桐庐桐鑫房地产开发有限公司', 'url_source': 'https://hz.fang.ke.com/loupan/p_jmgyfbjkbs/'}"
"{'name': '柳溪湾', 'collecting_time': '2023-06-25', 'other_name': '柳溪湾度假村', 'area': '临安/临安/昌文线柳溪湾', 'price': '10700', 'uint': '元/平(单价) ', 'value': '40-118', 'value_uint': '(万/套)(总价)', 'sale_status': '在售', 'house_type': '住宅', 'address': '昌文线柳溪湾', 'new_open_date': '2020-04', 'rooms': ['一居室(2)', '二居室(3)', '三居室(1)'], 'features': '低单价 低总价 近主干道 娱乐丰富', 'builders': '杭州临安佳伟房地产开发有限公司', 'url_source': 'https://hz.fang.ke.com/loupan/p_lxwbjpcs/'}"
"{'name': '朗诗溪涧雅庐', 'collecting_time': '2023-06-25', 'other_name': '朗诗玲珑樾', 'area': '临安/临安/临安玲珑杨临线将军山', 'price': '16000', 'uint': '元/平(单价) ', 'value': '120-168', 'value_uint': '(万/套)(总价)', 'sale_status': '在售', 'house_type': '住宅', 'address': '临安玲珑杨临线将军山', 'new_open_date': '2023-06-10', 'rooms': ['二居室(1)', '三居室(1)'], 'features': '低总价 近主干道 3D楼书 品牌房企', 'builders': '杭州临安朗茂置业有限公司', 'url_source': 'https://hz.fang.ke.com/loupan/p_lsllybjpcu/'}"
"{'name': '春江山居', 'collecting_time': '2023-06-25', 'other_name': '春江·山居', 'area': '桐庐/桐庐/富春路渡济大桥东侧', 'price': '20000', 'uint': '元/平(单价) ', 'value': '450', 'value_uint': '(万/套)(总价)', 'sale_status': '在售', 'house_type': '别墅', 'address': '富春路渡济大桥东侧', 'new_open_date': '2021-04-07', 'rooms': ['四居室(1)'], 'features': '低单价 近主干道 购物方便 美食云集', 'builders': '杭州爱丽娜房地产开发有限公司', 'url_source': 'https://hz.fang.ke.com/loupan/p_cjsjbjpeb/'}"
"{'name': '运河万科中心', 'collecting_time': '2023-06-25', 'other_name': '万广汇商务中心', 'area': '拱墅/桥西/祥符街道萍水东街与花园岗街交叉口', 'price': '23000', 'uint': '元/平(单价) ', 'value': '700', 'value_uint': '(万/套)(总价)', 'sale_status': '在售', 'house_type': '写字楼', 'address': '祥符街道萍水东街与花园岗街交叉口', 'new_open_date': '2019-08-19', 'rooms': '', 'features': '地铁沿线 公交直达 配套齐全 成熟商圈', 'builders': '杭州祥瑞汽车产业园开发有限公司', 'url_source': 'https://hz.fang.ke.com/loupan/p_yhwkzxbjtem/'}"
"{'name': '中城汇MIDTOWN', 'collecting_time': '2023-06-25', 'other_name': '中尚汇府', 'area': '拱墅/万达广场/石祥路与杭行路交叉口', 'price': '35000', 'uint': '元/平(单价) ', 'value': '122-140', 'value_uint': '(万/套)(总价)', 'sale_status': '在售', 'house_type': '商业类', 'address': '石祥路与杭行路交叉口', 'new_open_date': '2020-05', 'rooms': ['二居室(2)'], 'features': '低总价 地铁沿线 临近高速 配套齐全', 'builders': '杭州万璟置业有限公司', 'url_source': 'https://hz.fang.ke.com/loupan/p_zchmbjxmz/'}"
"{'name': '紫荆辰光', 'collecting_time': '2023-06-25', 'other_name': '紫创商务中心', 'area': '西湖/文三西路/莲花街与古科园东路交叉口', 'price': '45000', 'uint': '元/平(单价) ', 'value': '187-310', 'value_uint': '(万/套)(总价)', 'sale_status': '在售', 'house_type': '商业类', 'address': '莲花街与古科园东路交叉口', 'new_open_date': '2020-09-15', 'rooms': ['一居室(1)', '二居室(7)', '三居室(1)'], 'features': '配套齐全 成熟商圈 医疗配套 视频看房', 'builders': '杭州成禾房地产开发有限公司', 'url_source': 'https://hz.fang.ke.com/loupan/p_zjcgbjxut/'}"
"{'name': '绿城青亭', 'collecting_time': '2023-06-25', 'other_name': '无', 'area': '拱墅/半山/依山路与青城路交叉口', 'price': '28000', 'uint': '元/平(单价) ', 'value': '130', 'value_uint': '(万/套)(总价)', 'sale_status': '在售', 'house_type': '商业类', 'address': '依山路与青城路交叉口', 'new_open_date': '2020-06-30', 'rooms': ['二居室(3)'], 'features': '公交直达 近主干道 配套齐全 购物方便', 'builders': '杭州望云房地产开发有限公司', 'url_source': 'https://hz.fang.ke.com/loupan/p_lcqtbkasg/'}"
"{'name': '中冶锦绣公馆', 'collecting_time': '2023-06-25', 'other_name': '杭政储出[2017]8号地块,中冶翠苑地块', 'area': '西湖/文教/教工路与文一路 交叉口往北约50米', 'price': '', 'sale_status': '待售', 'house_type': '住宅', 'address': '教工路与文一路 交叉口往北约50米', 'new_open_date': '时间待定', 'rooms': '', 'features': '地铁沿线 公交直达 配套齐全 成熟商圈', 'builders': '杭州中冶名锦房地产开发有限公司', 'url_source': 'https://hz.fang.ke.com/loupan/p_zyjxggbkbby/'}"
"{'name': '中冶锦绣公馆', 'collecting_time': '2023-06-25', 'other_name': '杭政储出[2017]8号地块', 'area': '西湖/文教/浙江省杭州市西湖区文三路电子信息街区文一路138号', 'price': '65000', 'uint': '元/平(单价) ', 'value': '650-1700', 'value_uint': '(万/套)(总价)', 'sale_status': '在售', 'house_type': '商业类', 'address': '浙江省杭州市西湖区文三路电子信息街区文一路138号', 'new_open_date': '2021-05', 'rooms': ['三居室(1)', '四居室(2)', '五居室(1)'], 'features': '地铁沿线 公交直达 配套齐全 购物方便', 'builders': '杭州中冶名锦房地产开发有限公司', 'url_source': 'https://hz.fang.ke.com/loupan/p_zyjxggbkbcc/'}"
"{'name': '恒大御泉四季', 'collecting_time': '2023-06-25', 'other_name': '御泉四季庄园', 'area': '建德/建德/寿童南路与320国道交汇处', 'price': '8600', 'uint': '元/平(单价) ', 'value': '40-88', 'value_uint': '(万/套)(总价)', 'sale_status': '在售', 'house_type': '住宅', 'address': '寿童南路与320国道交汇处', 'new_open_date': '2020-11', 'rooms': ['一居室(2)', '二居室(1)', '三居室(5)'], 'features': '近主干道 购物方便 医疗配套 品牌房企', 'builders': '杭州盛建置业有限公司', 'url_source': 'https://hz.fang.ke.com/loupan/p_hdyqsjbkbks/'}"
"{'name': '紫荆辰光', 'collecting_time': '2023-06-25', 'other_name': '紫创商务中心', 'area': '西湖/文三西路/莲花街与古科园东路交叉口', 'price': '49000', 'uint': '元/平(单价) ', 'value': '181', 'value_uint': '(万/套)(总价)', 'sale_status': '在售', 'house_type': '商业', 'address': '莲花街与古科园东路交叉口', 'new_open_date': '2019-10', 'rooms': '', 'features': '近主干道 配套齐全 购物方便 医疗配套', 'builders': '杭州成禾房地产开发有限公司', 'url_source': 'https://hz.fang.ke.com/loupan/p_zjcgbkcaq/'}"
"{'name': '悦湖湾花园', 'collecting_time': '2023-06-25', 'other_name': '天湖甲著', 'area': '淳安/淳安/淳安县睦州大道芙蓉路', 'price': '15000', 'uint': '元/平(单价) ', 'value': '160-180', 'value_uint': '(万/套)(总价)', 'sale_status': '在售', 'house_type': '住宅', 'address': '淳安县睦州大道芙蓉路', 'new_open_date': '2019-06-30', 'rooms': ['三居室(2)'], 'features': '临近高速 成熟商圈 购物方便 三甲医院', 'builders': '杭州千岛湖浙远房地产开发有限公司', 'url_source': 'https://hz.fang.ke.com/loupan/p_yhwhybkcaz/'}"
"{'name': '竹悦山水轩', 'collecting_time': '2023-06-25', 'other_name': '云海溪天目', 'area': '临安/临安/潜川镇青山殿村306县道旁', 'price': '12000', 'uint': '元/平(单价) ', 'value': '70-106', 'value_uint': '(万/套)(总价)', 'sale_status': '在售', 'house_type': '住宅', 'address': '潜川镇青山殿村306县道旁', 'new_open_date': '2020-11', 'rooms': ['二居室(1)', '三居室(2)'], 'features': '低单价 低总价 公交直达 临近高速', 'builders': '临安云海置业有限公司', 'url_source': 'https://hz.fang.ke.com/loupan/p_zyssxbkfhj/'}"
"{'name': '钱塘ONE', 'collecting_time': '2023-06-25', 'other_name': '钱塘湾', 'area': '西湖/转塘/枫桦东路与梧桐路交叉口', 'price': '43750', 'uint': '元/平(单价) ', 'value': '140', 'value_uint': '(万/套)(总价)', 'sale_status': '在售', 'house_type': '底商', 'address': '枫桦东路与梧桐路交叉口', 'new_open_date': '2019-07', 'rooms': '', 'features': '购物方便 超市 贴心物业 现房', 'builders': '杭州汇辉置业有限公司', 'url_source': 'https://hz.fang.ke.com/loupan/p_slqtobkhav/'}"
"{'name': '云安小镇', 'collecting_time': '2023-06-25', 'other_name': '云安朴座', 'area': '临安/临安/锦北街道云安路199号', 'price': '16500', 'uint': '元/平(单价) ', 'value': '80-205', 'value_uint': '(万/套)(总价)', 'sale_status': '在售', 'house_type': '商业类', 'address': '锦北街道云安路199号', 'new_open_date': '2019-08', 'rooms': ['一居室(1)', '二居室(1)', '三居室(1)'], 'features': '公交直达 近主干道 超市 3D楼书', 'builders': '杭州青山湖森林硅谷开发有限公司', 'url_source': 'https://hz.fang.ke.com/loupan/p_bkhxm/'}"
"{'name': '世茂西溪宸悦', 'collecting_time': '2023-06-25', 'other_name': '世茂泰禾中央广场,泰旭乐悠城', 'area': '西湖/西溪/西湖区双龙街与枫树路交汇处', 'price': '90000', 'uint': '元/平(单价) ', 'value': '300', 'value_uint': '(万/套)(总价)', 'sale_status': '待售', 'house_type': '商业', 'address': '西湖区双龙街与枫树路交汇处', 'new_open_date': '2020-11-01', 'rooms': '', 'features': '公交直达 近主干道 配套齐全 购物方便', 'builders': '杭州禾睿房地产开发有限公司', 'url_source': 'https://hz.fang.ke.com/loupan/p_smthzygcbkiyv/'}"
"{'name': '绿城青亭商铺', 'collecting_time': '2023-06-25', 'other_name': '绿城青亭,无', 'area': '拱墅/半山/笕丁路与半山东路交界处', 'price': '', 'sale_status': '待售', 'house_type': '商业', 'address': '笕丁路与半山东路交界处', 'new_open_date': '时间待定', 'rooms': '', 'features': '公交直达 近主干道 配套齐全 购物方便', 'builders': '杭州望云房地产开发有限公司', 'url_source': 'https://hz.fang.ke.com/loupan/p_lcqtbkjba/'}"
"{'name': '云都汇中心', 'collecting_time': '2023-06-25', 'other_name': '云玺公馆,中梁云都汇·云玺,中梁云玺', 'area': '西湖/转塘/杭州市西湖区转塘街道科海路与贤家弄交汇处东北侧', 'price': '29000', 'uint': '元/平(单价) ', 'value': '98-120', 'value_uint': '(万/套)(总价)', 'sale_status': '在售', 'house_type': '商业类', 'address': '杭州市西湖区转塘街道科海路与贤家弄交汇处东北侧', 'new_open_date': '2020-05-04', 'rooms': ['一居室(1)', '二居室(2)'], 'features': '低总价 公交直达 近主干道 配套齐全', 'builders': '杭州名宸置业有限公司', 'url_source': 'https://hz.fang.ke.com/loupan/p_zlydhbkjwc/'}"
"{'name': '铂瑞悦府', 'collecting_time': '2023-06-25', 'other_name': '都会公馆,龙湖金地商置都会公馆', 'area': '上城/城东新城/明月桥路与天城路交叉口', 'price': '38000', 'uint': '元/平(单价) ', 'value': '150', 'value_uint': '(万/套)(总价)', 'sale_status': '在售', 'house_type': '商业类', 'address': '明月桥路与天城路交叉口', 'new_open_date': '2019-11', 'rooms': ['一居室(3)', '二居室(3)'], 'features': '多轨交汇 配套齐全 购物方便 三甲医院', 'builders': '杭州龙合实业有限公司', 'url_source': 'https://hz.fang.ke.com/loupan/p_dhfhbkjxs/'}"
"{'name': '傲旋城', 'collecting_time': '2023-06-25', 'other_name': '绿城卓越傲旋城', 'area': '滨江/长河/滨康路与时代大道交叉口西北角', 'price': '45000', 'uint': '元/平(单价) ', 'value': '398-400', 'value_uint': '(万/套)(总价)', 'sale_status': '在售', 'house_type': '住宅', 'address': '滨康路与时代大道交叉口西北角', 'new_open_date': '2019-11', 'rooms': ['一居室(1)', '二居室(4)', '四居室(2)'], 'features': '公交直达 临近高速 配套齐全 成熟商圈', 'builders': '杭州恒兴置业有限公司', 'url_source': 'https://hz.fang.ke.com/loupan/p_lczyaxcbkkox/'}"
"{'name': '融创森与海之城', 'collecting_time': '2023-06-25', 'other_name': '森与海之城,观樾景澜轩,森与海之城（观樾景澜轩）,森麓,森与海之城（森麓）', 'area': '萧山/萧山开发区/东思线与浦南大道交叉口', 'price': '14000', 'uint': '元/平(单价) ', 'value': '135-169', 'value_uint': '(万/套)(总价)', 'sale_status': '在售', 'house_type': '住宅', 'address': '东思线与浦南大道交叉口', 'new_open_date': '2021-12-16', 'rooms': ['三居室(12)', '四居室(3)'], 'features': '低单价 低总价 公交直达 临近高速', 'builders': '杭州融阳政房地产开发有限公司', 'url_source': 'https://hz.fang.ke.com/loupan/p_rcsyhbklbr/'}"
"{'name': '城南银泰城', 'collecting_time': '2023-06-25', 'other_name': '泰悦银座', 'area': '萧山/萧山开发区/桥戴线与恒达路交叉口', 'price': '', 'sale_status': '待售', 'house_type': '商业', 'address': '桥戴线与恒达路交叉口', 'new_open_date': '时间待定', 'rooms': '', 'features': '公交直达 购物方便 娱乐丰富 医疗配套', 'builders': '杭州萧山银城置业有限公司', 'url_source': 'https://hz.fang.ke.com/loupan/p_tyyzbkldj/'}"
"{'name': '启迪协信科技城', 'collecting_time': '2023-06-25', 'other_name': '泊晶公寓', 'area': '上城/丁桥/丁桥路与环丁路交叉口', 'price': '29000', 'uint': '元/平(单价) ', 'value': '120-260', 'value_uint': '(万/套)(总价)', 'sale_status': '在售', 'house_type': '商业类', 'address': '丁桥路与环丁路交叉口', 'new_open_date': '2021-06-30', 'rooms': ['一居室(1)', '三居室(2)'], 'features': '低总价 配套齐全 成熟商圈 医疗配套', 'builders': '杭州启迪协信建塘科技发展有限公司', 'url_source': 'https://hz.fang.ke.com/loupan/p_bjgybklsb/'}"
"{'name': '禹洲滨澜铭座', 'collecting_time': '2023-06-25', 'other_name': '禹洲滨之澜苑,禹洲滨之江,滨之澜苑', 'area': '西湖/转塘/枫桦东路与梧桐路交叉口', 'price': '', 'sale_status': '待售', 'house_type': '底商', 'address': '枫桦东路与梧桐路交叉口', 'new_open_date': '时间待定', 'rooms': '', 'features': '公交直达 购物方便 超市 医疗配套', 'builders': '中维地产浙江有限公司', 'url_source': 'https://hz.fang.ke.com/loupan/p_yzbzjbknjs/'}"
"{'name': '之江潮', 'collecting_time': '2023-06-25', 'other_name': '杭政储出[2015]52号地块', 'area': '西湖/转塘/转塘街道洙泗路与东狮路交汇处', 'price': '', 'sale_status': '待售', 'house_type': '商业', 'address': '转塘街道洙泗路与东狮路交汇处', 'new_open_date': '时间待定', 'rooms': '', 'features': '公交直达 配套齐全 购物方便 医疗配套', 'builders': '杭州骏功置业有限公司', 'url_source': 'https://hz.fang.ke.com/loupan/p_zjcbknra/'}"
"{'name': '新力海石星汇公馆', 'collecting_time': '2023-06-25', 'other_name': '星汇公馆', 'area': '临平区/崇贤/龙腾街与星海南路交汇处', 'price': '', 'sale_status': '待售', 'house_type': '商业类', 'address': '龙腾街与星海南路交汇处', 'new_open_date': '时间待定', 'rooms': '', 'features': '配套齐全 购物方便 医疗配套 小户型', 'builders': '杭州中慈实业有限公司', 'url_source': 'https://hz.fang.ke.com/loupan/p_xlhsxhggbknyb/'}"
"{'name': '云上金铭府', 'collecting_time': '2023-06-25', 'other_name': '大家云上金铭府', 'area': '富阳/富春/华虹路与金秋大道交叉口', 'price': '22000', 'uint': '元/平(单价) ', 'value': '207-275', 'value_uint': '(万/套)(总价)', 'sale_status': '在售', 'house_type': '住宅', 'address': '华虹路与金秋大道交叉口', 'new_open_date': '2020-07', 'rooms': ['三居室(3)', '四居室(1)'], 'features': '配套齐全 购物方便 医疗配套 3D楼书', 'builders': '杭州景扬置业有限公司', 'url_source': 'https://hz.fang.ke.com/loupan/p_ysjmfbkolg/'}"
"{'name': '科尔博亚时代中心', 'collecting_time': '2023-06-25', 'other_name': '博亚时代中心', 'area': '萧山/钱江世纪城/钱江世纪城市心北路（二号线盈丰路站C出口）', 'price': '', 'sale_status': '待售', 'house_type': '商业', 'address': '钱江世纪城市心北路（二号线盈丰路站C出口）', 'new_open_date': '时间待定', 'rooms': '', 'features': '品牌房企', 'builders': '杭州俊泰置业有限公司', 'url_source': 'https://hz.fang.ke.com/loupan/p_kebysdzxbkowx/'}"
"{'name': '美的西径晓风', 'collecting_time': '2023-06-25', 'other_name': '西径晓风', 'area': '临安/临安/农林大路西径晓风2345号', 'price': '18280', 'uint': '元/平(单价) ', 'value': '162.692-202.424', 'value_uint': '(万/套)(总价)', 'sale_status': '在售', 'house_type': '住宅', 'address': '农林大路西径晓风2345号', 'new_open_date': '2022-10-01', 'rooms': ['三居室(1)', '四居室(1)'], 'features': '公交直达 多轨交汇 成熟商圈 美食云集', 'builders': '杭州美煜房地产发展有限公司', 'url_source': 'https://hz.fang.ke.com/loupan/p_xjxfbkozv/'}"
"{'name': '美的西径晓风', 'collecting_time': '2023-06-25', 'other_name': '西径晓风', 'area': '临安/临安/农林大路西径晓风2345号', 'price': '24701', 'uint': '元/平(单价) ', 'value': '310-365', 'value_uint': '(万/套)(总价)', 'sale_status': '在售', 'house_type': '别墅', 'address': '农林大路西径晓风2345号', 'new_open_date': '2021-10-30', 'rooms': ['四居室(3)', '五居室(1)'], 'features': '低总价 公交直达 美食云集 超市', 'builders': '杭州美煜房地产发展有限公司', 'url_source': 'https://hz.fang.ke.com/loupan/p_xjxfbkpaa/'}"
"{'name': '之江潮', 'collecting_time': '2023-06-25', 'other_name': '杭政储出[2015]52号地块,美乐商业中心', 'area': '西湖/转塘/转塘街道洙泗路与东狮路交汇处', 'price': '31000', 'uint': '元/平(单价) ', 'value': '158-331', 'value_uint': '(万/套)(总价)', 'sale_status': '在售', 'house_type': '商业类', 'address': '转塘街道洙泗路与东狮路交汇处', 'new_open_date': '2019-11-26', 'rooms': ['二居室(2)', '三居室(1)', '四居室(1)'], 'features': '公交直达 近主干道 配套齐全 购物方便', 'builders': '杭州骏功置业有限公司', 'url_source': 'https://hz.fang.ke.com/loupan/p_zjcbkpyh/'}"
"{'name': '中骏临栖云府', 'collecting_time': '2023-06-25', 'other_name': '临栖云府', 'area': '临安/临安/临安区钱锦大道与钱王街交汇处中骏临栖云府', 'price': '18600', 'uint': '元/平(单价) ', 'value': '198', 'value_uint': '(万/套)(总价)', 'sale_status': '在售', 'house_type': '住宅', 'address': '临安区钱锦大道与钱王街交汇处中骏临栖云府', 'new_open_date': '2021-11-06', 'rooms': ['三居室(1)', '四居室(1)'], 'features': '多轨交汇 近主干道 购物方便 娱乐丰富', 'builders': '杭州嘉怡置业有限公司', 'url_source': 'https://hz.fang.ke.com/loupan/p_zjlqyfbkqlu/'}"
"{'name': '新湖金色池塘', 'collecting_time': '2023-06-25', 'other_name': '金色池塘家苑', 'area': '余杭/未来科技城/寻梨街8号', 'price': '15200', 'uint': '元/平(单价) ', 'value': '194', 'value_uint': '(万/套)(总价)', 'sale_status': '在售', 'house_type': '住宅', 'address': '寻梨街8号', 'new_open_date': '2020-03-11', 'rooms': ['二居室(1)', '三居室(2)', '四居室(3)'], 'features': '购物方便 美食云集 医疗配套 视频看房', 'builders': '杭州新湖鸬鸟置业有限公司', 'url_source': 'https://hz.fang.ke.com/loupan/p_xhjsctbkqpn/'}"
"{'name': '国开东方锦城学府', 'collecting_time': '2023-06-25', 'other_name': '锦贤府,锦城学府', 'area': '临安/临安/杭州市临安区锦北街道锦墅街与北五路交叉口', 'price': '20000', 'uint': '元/平(单价) ', 'value': '182', 'value_uint': '(万/套)(总价)', 'sale_status': '在售', 'house_type': '住宅', 'address': '杭州市临安区锦北街道锦墅街与北五路交叉口', 'new_open_date': '2021-03', 'rooms': ['三居室(1)'], 'features': '公交直达 配套齐全 成熟商圈 医疗配套', 'builders': '杭州轩湖房地产开发有限公司', 'url_source': 'https://hz.fang.ke.com/loupan/p_gkdfjcxfbkqva/'}"
"{'name': '越秀天萃名邸', 'collecting_time': '2023-06-25', 'other_name': '', 'area': '上城/七堡/同协南路越秀天萃名邸', 'price': '', 'sale_status': '待售', 'house_type': '商业', 'address': '同协南路越秀天萃名邸', 'new_open_date': '时间待定', 'rooms': '', 'features': '地铁沿线 公交直达 配套齐全 购物方便', 'builders': '杭州钰杭房地产开发有限公司', 'url_source': 'https://hz.fang.ke.com/loupan/p_yxtcmdbkqzv/'}"
"{'name': '启迪协信科技城', 'collecting_time': '2023-06-25', 'other_name': '泊晶公寓', 'area': '上城/丁桥/临丁路泊晶公寓', 'price': '45000', 'uint': '元/平(单价) ', 'sale_status': '在售', 'house_type': '底商', 'address': '临丁路泊晶公寓', 'new_open_date': '时间待定', 'rooms': '', 'features': '配套齐全 购物方便 医疗配套 品牌房企', 'builders': '杭州启迪协信建塘科技发展有限公司', 'url_source': 'https://hz.fang.ke.com/loupan/p_qdxxkjcbkrbj/'}"
"{'name': '水岸华府', 'collecting_time': '2023-06-25', 'other_name': '桦之水府', 'area': '临安/临安/溪东路融旺水岸华府', 'price': '11000', 'uint': '元/平(单价) ', 'value': '129-151', 'value_uint': '(万/套)(总价)', 'sale_status': '在售', 'house_type': '住宅', 'address': '溪东路融旺水岸华府', 'new_open_date': '2021-10-30', 'rooms': ['三居室(5)', '四居室(2)'], 'features': '低单价 低总价 临近高速 配套齐全', 'builders': '杭州融旺房地产开发有限公司', 'url_source': 'https://hz.fang.ke.com/loupan/p_rwsahfbktwr/'}"
"{'name': '世茂栖棠誉湾', 'collecting_time': '2023-06-25', 'other_name': '栖棠誉湾', 'area': '滨江/浦沿/杭州市滨江区坚塔路与新浦路交叉口', 'price': '', 'sale_status': '待售', 'house_type': '住宅', 'address': '杭州市滨江区坚塔路与新浦路交叉口', 'new_open_date': '时间待定', 'rooms': '', 'features': '配套齐全 购物方便 医疗配套 品牌房企', 'builders': '杭州东奥投资管理有限公司', 'url_source': 'https://hz.fang.ke.com/loupan/p_jtlsmqtywbktww/'}"
"{'name': '富阳宸光悦', 'collecting_time': '2023-06-25', 'other_name': '宸光悦', 'area': '富阳/银湖科技城/杭州市富阳区新桥新路与高桥南路交汇处（万达广场东侧）', 'price': '22000', 'uint': '元/平(单价) ', 'value': '250', 'value_uint': '(万/套)(总价)', 'sale_status': '在售', 'house_type': '住宅', 'address': '杭州市富阳区新桥新路与高桥南路交汇处（万达广场东侧）', 'new_open_date': '2021-04-30', 'rooms': ['三居室(1)', '四居室(1)'], 'features': '公交直达 购物方便 娱乐丰富 三甲医院', 'builders': '杭州祥生弘腾房地产开发有限公司', 'url_source': 'https://hz.fang.ke.com/loupan/p_xscgybkuff/'}"
"{'name': '景顺铂悦城', 'collecting_time': '2023-06-25', 'other_name': '铂公馆', 'area': '西湖/留下/西湖区留下屏新路跟留和路交叉口', 'price': '33000', 'uint': '元/平(单价) ', 'value': '98-182', 'value_uint': '(万/套)(总价)', 'sale_status': '在售', 'house_type': '商业类', 'address': '西湖区留下屏新路跟留和路交叉口', 'new_open_date': '2022-07', 'rooms': ['一居室(1)', '二居室(7)', '三居室(2)'], 'features': '低总价 近主干道 临近高速 成熟商圈', 'builders': '杭州望景置业有限公司', 'url_source': 'https://hz.fang.ke.com/loupan/p_jsbycbkvei/'}"
"{'name': '锦和云水江南', 'collecting_time': '2023-06-25', 'other_name': '云水江南', 'area': '淳安/淳安/狮城路800号', 'price': '38000', 'uint': '元/平(单价) ', 'value': '280-380', 'value_uint': '(万/套)(总价)', 'sale_status': '在售', 'house_type': '别墅', 'address': '狮城路800号', 'new_open_date': '2021-04', 'rooms': ['二居室(1)', '三居室(1)'], 'features': '3D楼书 视频看房 现房 小型社区', 'builders': '杭州精文文广投资有限公司', 'url_source': 'https://hz.fang.ke.com/loupan/p_jhysjnbkvgm/'}"
"{'name': '国芳购物中心', 'collecting_time': '2023-06-25', 'other_name': '', 'area': '上城/九堡/九沙大道国芳购物中心', 'price': '', 'sale_status': '在售', 'house_type': '商业', 'address': '九沙大道国芳购物中心', 'new_open_date': '时间待定', 'rooms': '', 'features': '现房', 'builders': '杭州国芳置业有限公司', 'url_source': 'https://hz.fang.ke.com/loupan/p_gfgwzxbkvhj/'}"
"{'name': '地铁万科杭行道', 'collecting_time': '2023-06-25', 'other_name': '杭行道', 'area': '余杭/万达广场/杭行路地铁万科杭行道', 'price': '', 'sale_status': '待售', 'house_type': '商业', 'address': '杭行路地铁万科杭行道', 'new_open_date': '时间待定', 'rooms': '', 'features': '公交直达 配套齐全 购物方便 医疗配套', 'builders': '杭州商庭房地产开发有限公司', 'url_source': 'https://hz.fang.ke.com/loupan/p_dtwkhxdbkvip/'}"
"{'name': '东亚溪雅香舍', 'collecting_time': '2023-06-25', 'other_name': '溪雅香舍', 'area': '临安/临安/昌化镇滨江路镇中学西侧', 'price': '10500', 'uint': '元/平(单价) ', 'value': '75-139', 'value_uint': '(万/套)(总价)', 'sale_status': '在售', 'house_type': '住宅', 'address': '昌化镇滨江路镇中学西侧', 'new_open_date': '2021-12-31', 'rooms': ['二居室(1)', '三居室(3)', '四居室(2)'], 'features': '低单价 低总价 视频看房 品牌房企', 'builders': '杭州嘉缘房地产开发有限公司', 'url_source': 'https://hz.fang.ke.com/loupan/p_dyxyxsbkvlh/'}"
"{'name': '国芳购物中心', 'collecting_time': '2023-06-25', 'other_name': '鼎辉城', 'area': '上城/九堡/江干区九沙大道与通盛路交叉口', 'price': '33000', 'uint': '元/平(单价) ', 'value': '180', 'value_uint': '(万/套)(总价)', 'sale_status': '在售', 'house_type': '商业类', 'address': '江干区九沙大道与通盛路交叉口', 'new_open_date': '2022-08-26', 'rooms': ['四居室(1)'], 'features': '多轨交汇 近主干道 成熟商圈 三甲医院', 'builders': '杭州国芳置业有限公司', 'url_source': 'https://hz.fang.ke.com/loupan/p_gfgwzxbkvpw/'}"
"{'name': '千岛湖绿城桂语江南', 'collecting_time': '2023-06-25', 'other_name': '绿城桂语江南', 'area': '淳安/淳安/梦姑路447号', 'price': '14500', 'uint': '元/平(单价) ', 'value': '137-185', 'value_uint': '(万/套)(总价)', 'sale_status': '在售', 'house_type': '住宅', 'address': '梦姑路447号', 'new_open_date': '2021-08', 'rooms': ['三居室(5)'], 'features': '临近高速 旅游地产 避暑 现房', 'builders': '杭州汤姆房地产开发有限公司', 'url_source': 'https://hz.fang.ke.com/loupan/p_qdhlcgyjnbkxbe/'}"
"{'name': '融信美好宝龙锦云澜天里', 'collecting_time': '2023-06-25', 'other_name': '美好宝龙澜天,融信锦云澜天里', 'area': '临安/临安/杭州市临安区锦南街道飞翠路与九州街交叉口', 'price': '19099', 'uint': '元/平(单价) ', 'value': '170', 'value_uint': '(万/套)(总价)', 'sale_status': '在售', 'house_type': '住宅', 'address': '杭州市临安区锦南街道飞翠路与九州街交叉口', 'new_open_date': '2021-08-27', 'rooms': ['三居室(4)'], 'features': '3D楼书 视频看房 现房 绿化率高', 'builders': '杭州美生美置业有限公司', 'url_source': 'https://hz.fang.ke.com/loupan/p_rxmhblltbkxcv/'}"
"{'name': '滨耀城', 'collecting_time': '2023-06-25', 'other_name': '无', 'area': '临平区/临平新城/迎宾路与望梅路交汇处', 'price': '', 'sale_status': '待售', 'house_type': '写字楼', 'address': '迎宾路与望梅路交汇处', 'new_open_date': '时间待定', 'rooms': '', 'features': '近主干道 品牌房企 贴心物业', 'builders': '杭州星滨置业有限公司', 'url_source': 'https://hz.fang.ke.com/loupan/p_bycbkxdb/'}"
"{'name': '凤凰府邸', 'collecting_time': '2023-06-25', 'other_name': '越城凤凰府邸', 'area': '临安/临安/太阳大街凤凰府邸', 'price': '21800', 'uint': '元/平(单价) ', 'value': '481-483', 'value_uint': '(万/套)(总价)', 'sale_status': '在售', 'house_type': '别墅', 'address': '太阳大街凤凰府邸', 'new_open_date': '2020-06-03', 'rooms': ['四居室(1)', '五居室(2)'], 'features': '低总价 中式建筑 现房 绿化率高', 'builders': '杭州越城房地产开发有限公司', 'url_source': 'https://hz.fang.ke.com/loupan/p_fhfdbkxdl/'}"
"{'name': '镜象西湖', 'collecting_time': '2023-06-25', 'other_name': '世腾镜象里', 'area': '西湖/转塘/博美路与美院北街交汇', 'price': '30000', 'uint': '元/平(单价) ', 'value': '130-370', 'value_uint': '(万/套)(总价)', 'sale_status': '在售', 'house_type': '商业类', 'address': '博美路与美院北街交汇', 'new_open_date': '2020-05-31', 'rooms': ['一居室(1)', '二居室(4)'], 'features': '低总价 多轨交汇 近主干道 成熟商圈', 'builders': '杭州世腾置业有限公司', 'url_source': 'https://hz.fang.ke.com/loupan/p_stjxlbkyir/'}"
"{'name': '赞成星谷', 'collecting_time': '2023-06-25', 'other_name': '星谷大厦', 'area': '拱墅/申花/石祥西路与丰庆路交叉口', 'price': '37000', 'uint': '元/平(单价) ', 'value': '160', 'value_uint': '(万/套)(总价)', 'sale_status': '在售', 'house_type': '底商', 'address': '石祥西路与丰庆路交叉口', 'new_open_date': '2019-04-04', 'rooms': '', 'features': '公交直达 多轨交汇 配套齐全 购物方便', 'builders': '杭州润庆置业有限公司', 'url_source': 'https://hz.fang.ke.com/loupan/p_zcxgbkylu/'}"
"{'name': '融创融耀之城', 'collecting_time': '2023-06-25', 'other_name': '融耀之城', 'area': '临平区/星桥/星桥南路与天都路交叉口融创融耀之城', 'price': '24000', 'uint': '元/平(单价) ', 'value': '213-252', 'value_uint': '(万/套)(总价)', 'sale_status': '待售', 'house_type': '住宅', 'address': '星桥南路与天都路交叉口融创融耀之城', 'new_open_date': '2022-10-29', 'rooms': ['三居室(4)', '四居室(1)'], 'features': '近主干道 菜市场 品牌房企 VR看房', 'builders': '杭州昌茂置业有限公司', 'url_source': 'https://hz.fang.ke.com/loupan/p_rcryzcbkyzi/'}"
"{'name': '江滨公望大厦', 'collecting_time': '2023-06-25', 'other_name': '公望江滨世纪', 'area': '富阳/鹿山新城/鹿山街道江波街与江滨西大道交汇处', 'price': '22000', 'uint': '元/平(单价) ', 'value': '132', 'value_uint': '(万/套)(总价)', 'sale_status': '在售', 'house_type': '商业类', 'address': '鹿山街道江波街与江滨西大道交汇处', 'new_open_date': '2020-05', 'rooms': ['一居室(1)'], 'features': '小户型 loft 现房 江景', 'builders': '杭州公望置业有限公司', 'url_source': 'https://hz.fang.ke.com/loupan/p_jbgwdsbkzbl/'}"
"{'name': '柳岸晓风新都', 'collecting_time': '2023-06-25', 'other_name': '柳岸晓风', 'area': '淳安/淳安/淳安县青溪新城珍珠大道与珍珠一路交汇处', 'price': '16000', 'uint': '元/平(单价) ', 'value': '175-220', 'value_uint': '(万/套)(总价)', 'sale_status': '在售', 'house_type': '住宅', 'address': '淳安县青溪新城珍珠大道与珍珠一路交汇处', 'new_open_date': '2020-09-26', 'rooms': ['三居室(1)', '四居室(1)'], 'features': '3D楼书 视频看房 现房 低密居所', 'builders': '尚雅置业（杭州）有限公司', 'url_source': 'https://hz.fang.ke.com/loupan/p_zzddlcqdhlaxfbkzbu/'}"
"{'name': '阳光城檀映里', 'collecting_time': '2023-06-25', 'other_name': '无', 'area': '拱墅/三塘/东新路与新西路口', 'price': '', 'sale_status': '待售', 'house_type': '商业', 'address': '东新路与新西路口', 'new_open_date': '时间待定', 'rooms': '', 'features': '品牌房企 自持商业', 'builders': '杭州碧光房地产开发有限公司', 'url_source': 'https://hz.fang.ke.com/loupan/p_dxlygctylbkzda/'}"
"{'name': '柳岸晓风新都', 'collecting_time': '2023-06-25', 'other_name': '柳岸晓风', 'area': '淳安/淳安/珍珠大道千岛湖风景区绿城千岛湖柳岸晓风', 'price': '22000', 'uint': '元/平(单价) ', 'value': '266-315', 'value_uint': '(万/套)(总价)', 'sale_status': '在售', 'house_type': '别墅', 'address': '珍珠大道千岛湖风景区绿城千岛湖柳岸晓风', 'new_open_date': '2022-01', 'rooms': ['四居室(3)'], 'features': '3D楼书 视频看房 现房 依山傍水', 'builders': '尚雅置业（杭州）有限公司', 'url_source': 'https://hz.fang.ke.com/loupan/p_zzddlcqdhlaxfbkzem/'}"
"{'name': '玲珑郡', 'collecting_time': '2023-06-25', 'other_name': '珑首玲珑', 'area': '桐庐/桐庐/江南镇窄溪线与秀莲线交叉口', 'price': '15000', 'uint': '元/平(单价) ', 'value': '53.697-65.036', 'value_uint': '(万/套)(总价)', 'sale_status': '在售', 'house_type': '商业类', 'address': '江南镇窄溪线与秀莲线交叉口', 'new_open_date': '2019-12-31', 'rooms': ['二居室(6)'], 'features': '近主干道 购物方便 美食云集 医疗配套', 'builders': '杭州君元数字科技有限公司', 'url_source': 'https://hz.fang.ke.com/loupan/p_lsllbkzfr/'}"
"{'name': '德信空港城', 'collecting_time': '2023-06-25', 'other_name': '无', 'area': '萧山/大江东/萧山区机场大道与坎红路交汇处东侧', 'price': '23000', 'uint': '元/平(单价) ', 'value': '70-98', 'value_uint': '(万/套)(总价)', 'sale_status': '在售', 'house_type': '商业类', 'address': '萧山区机场大道与坎红路交汇处东侧', 'new_open_date': '2021-06-07', 'rooms': ['一居室(1)', '二居室(1)', '三居室(1)'], 'features': '低总价 3D楼书 视频看房 现房', 'builders': '杭州空港置业有限公司', 'url_source': 'https://hz.fang.ke.com/loupan/p_dxkgcbkzgz/'}"
"{'name': '未来七彩小镇', 'collecting_time': '2023-06-25', 'other_name': '七彩小镇, 未来·七彩小镇', 'area': '余杭/闲林/闲富中路未来七彩小镇', 'price': '43000', 'uint': '元/平(单价) ', 'value': '100', 'value_uint': '(万/套)(总价)', 'sale_status': '在售', 'house_type': '商业', 'address': '闲富中路未来七彩小镇', 'new_open_date': '2020-05-25', 'rooms': '', 'features': '成熟商圈 视频看房 品牌房企 现房', 'builders': '嘉凯城城镇化建设发展（余杭闲林）有限公司', 'url_source': 'https://hz.fang.ke.com/loupan/p_wlqcxzblaas/'}"
"{'name': '地铁万科五常车辆段上盖', 'collecting_time': '2023-06-25', 'other_name': '万科天空之城,地铁万科未来天空之城', 'area': '余杭/未来科技城/浙江省杭州市余杭区', 'price': '40000', 'uint': '元/平(单价) ', 'value': '260', 'value_uint': '(万/套)(总价)', 'sale_status': '在售', 'house_type': '商业', 'address': '浙江省杭州市余杭区', 'new_open_date': '2021-02', 'rooms': '', 'features': '地铁沿线 公交直达 配套齐全 购物方便', 'builders': '杭州西曙置业有限公司', 'url_source': 'https://hz.fang.ke.com/loupan/p_dtwktkzcblact/'}"
"{'name': '凤凰府邸', 'collecting_time': '2023-06-25', 'other_name': '越城凤凰府邸', 'area': '临安/临安/太阳镇高速口对面', 'price': '9800', 'uint': '元/平(单价) ', 'value': '73-101', 'value_uint': '(万/套)(总价)', 'sale_status': '在售', 'house_type': '住宅', 'address': '太阳镇高速口对面', 'new_open_date': '2020-06-03', 'rooms': ['二居室(2)', '三居室(2)'], 'features': '低单价 低总价 3D楼书 视频看房', 'builders': '杭州越城房地产开发有限公司', 'url_source': 'https://hz.fang.ke.com/loupan/p_fhfdblajb/'}"
"{'name': '澳海云樾赋', 'collecting_time': '2023-06-25', 'other_name': '云樾赋名苑', 'area': '富阳/富阳/新登镇登城中路与四号路交叉口', 'price': '13300', 'uint': '元/平(单价) ', 'value': '105-148', 'value_uint': '(万/套)(总价)', 'sale_status': '在售', 'house_type': '住宅', 'address': '新登镇登城中路与四号路交叉口', 'new_open_date': '2022-12-10', 'rooms': ['二居室(4)', '三居室(6)', '四居室(1)'], 'features': '低单价 低总价 近主干道 开发区', 'builders': '杭州澳澜房地产开发有限公司', 'url_source': 'https://hz.fang.ke.com/loupan/p_ahyyfblaps/'}"
"{'name': '江山云樾府', 'collecting_time': '2023-06-25', 'other_name': '祥生江山云樾府,祥生湛景江山云樾', 'area': '钱塘区/大学城北/江干区下沙水云街与云涛北路交汇处', 'price': '26200', 'uint': '元/平(单价) ', 'value': '230-335', 'value_uint': '(万/套)(总价)', 'sale_status': '在售', 'house_type': '住宅', 'address': '江干区下沙水云街与云涛北路交汇处', 'new_open_date': '2023-04-21', 'rooms': ['三居室(3)', '四居室(3)'], 'features': '多轨交汇 成熟商圈 菜市场 三甲医院', 'builders': '杭州祥生弘图房地产开发有限公司', 'url_source': 'https://hz.fang.ke.com/loupan/p_xsdxcbxmblapw/'}"
"{'name': '九天泽一国际', 'collecting_time': '2023-06-25', 'other_name': '新泽艺金座商铺', 'area': '上城/九堡/时装街与云裳直街交汇处', 'price': '70000', 'uint': '元/平(单价) ', 'value': '250', 'value_uint': '(万/套)(总价)', 'sale_status': '在售', 'house_type': '商业', 'address': '时装街与云裳直街交汇处', 'new_open_date': '2019-11', 'rooms': '', 'features': '地铁沿线 配套齐全 购物方便 医疗配套', 'builders': '杭州九天泽一房地产有限公司', 'url_source': 'https://hz.fang.ke.com/loupan/p_jtzygjblbrf/'}"
"{'name': '润枫东润紫园', 'collecting_time': '2023-06-25', 'other_name': '东润紫园', 'area': '淳安/淳安/升华路润枫东润紫园', 'price': '12000', 'uint': '元/平(单价) ', 'value': '89-158', 'value_uint': '(万/套)(总价)', 'sale_status': '在售', 'house_type': '住宅', 'address': '升华路润枫东润紫园', 'new_open_date': '2021-05-26', 'rooms': ['二居室(1)', '三居室(5)', '四居室(4)'], 'features': '品牌房企 小户型 现房 小型社区', 'builders': '淳安润枫房地产开发有限公司', 'url_source': 'https://hz.fang.ke.com/loupan/p_shlrfdrzyblbwz/'}"
"{'name': '赞成武林里', 'collecting_time': '2023-06-25', 'other_name': '嘉逸商业中心', 'area': '拱墅/石桥/浙江省杭州市拱墅区康宁街208号', 'price': '32000', 'uint': '元/平(单价) ', 'value': '240-270', 'value_uint': '(万/套)(总价)', 'sale_status': '在售', 'house_type': '商业类', 'address': '浙江省杭州市拱墅区康宁街208号', 'new_open_date': '2020-06', 'rooms': ['二居室(4)', '四居室(2)'], 'features': '多轨交汇 成熟商圈 3D楼书 视频看房', 'builders': '杭州赞成美树置业有限公司', 'url_source': 'https://hz.fang.ke.com/loupan/p_zcwllblbxz/'}"
"{'name': '湖印宸山庄', 'collecting_time': '2023-06-25', 'other_name': '湖印宸山,湖印山宸庄', 'area': '临平区/星桥/天鹤路湖印宸山庄', 'price': '42000', 'uint': '元/平(单价) ', 'value': '850-1000', 'value_uint': '(万/套)(总价)', 'sale_status': '在售', 'house_type': '别墅', 'address': '天鹤路湖印宸山庄', 'new_open_date': '2022-01-22', 'rooms': ['三居室(1)', '四居室(1)', '五居室(2)'], 'features': '品牌房企 复式 低密居所 车位充足', 'builders': '浙江暄竺实业有限公司', 'url_source': 'https://hz.fang.ke.com/loupan/p_hycszblcdz/'}"
"{'name': '碧桂园万科悦望名邸', 'collecting_time': '2023-06-25', 'other_name': '悦望名邸', 'area': '富阳/东洲/杭州市东洲江滨东大道首创奥特莱斯正北侧200米处', 'price': '21900', 'uint': '元/平(单价) ', 'value': '196', 'value_uint': '(万/套)(总价)', 'sale_status': '在售', 'house_type': '住宅', 'address': '杭州市东洲江滨东大道首创奥特莱斯正北侧200米处', 'new_open_date': '2022-11-02', 'rooms': ['三居室(1)', '四居室(1)'], 'features': '特价好房 视频看房 品牌房企 现房', 'builders': '杭州富耀置业有限公司', 'url_source': 'https://hz.fang.ke.com/loupan/p_bgywkywmdblchi/'}"
"{'name': '美麓美座', 'collecting_time': '2023-06-25', 'other_name': '美麓美座商务中心', 'area': '拱墅/半山/半山街道半山路与明月路交叉口', 'price': '25000', 'uint': '元/平(单价) ', 'value': '95', 'value_uint': '(万/套)(总价)', 'sale_status': '在售', 'house_type': '商业类', 'address': '半山街道半山路与明月路交叉口', 'new_open_date': '2020-07-04', 'rooms': ['一居室(3)', '二居室(1)'], 'features': '低总价 近主干道 三甲医院 视频看房', 'builders': '杭州北麓房地产开发有限公司', 'url_source': 'https://hz.fang.ke.com/loupan/p_mylmlmzblcjz/'}"
"{'name': '江东阳光名城', 'collecting_time': '2023-06-25', 'other_name': '滨江春天阳光名城,春天滨江阳光名城,阳光名城二期', 'area': '钱塘区/大江东/青义路与新镇路交汇处', 'price': '18700', 'uint': '元/平(单价) ', 'value': '170-249', 'value_uint': '(万/套)(总价)', 'sale_status': '在售', 'house_type': '住宅', 'address': '青义路与新镇路交汇处', 'new_open_date': '2023-03-26', 'rooms': ['三居室(2)', '四居室(3)', '五居室(1)'], 'features': '近主干道 临近高速 成熟商圈 菜市场', 'builders': '杭州春天房地产开发有限公司', 'url_source': 'https://hz.fang.ke.com/loupan/p_jdygmcblcmh/'}"
"{'name': '港郦中心', 'collecting_time': '2023-06-25', 'other_name': '--待定--', 'area': '余杭/老余杭/城东路港郦中心', 'price': '35000', 'uint': '元/平(单价) ', 'value': '120', 'value_uint': '(万/套)(总价)', 'sale_status': '在售', 'house_type': '商业类', 'address': '城东路港郦中心', 'new_open_date': '2021-08-30', 'rooms': ['二居室(2)'], 'features': '近主干道 成熟商圈 3D楼书 视频看房', 'builders': '杭州港郦置业有限公司', 'url_source': 'https://hz.fang.ke.com/loupan/p_blcqh/'}"
"{'name': '富春金茂星外滩·秦望府', 'collecting_time': '2023-06-25', 'other_name': '秦望府', 'area': '富阳/富阳/秦望路与西堤路交叉口', 'price': '29800', 'uint': '元/平(单价) ', 'value': '275-620', 'value_uint': '(万/套)(总价)', 'sale_status': '在售', 'house_type': '住宅', 'address': '秦望路与西堤路交叉口', 'new_open_date': '2023-04', 'rooms': ['三居室(3)', '四居室(9)'], 'features': '多轨交汇 成熟商圈 菜市场 三甲医院', 'builders': '杭州秦茂置业有限公司', 'url_source': 'https://hz.fang.ke.com/loupan/p_qwlfcjmxwtblctn/'}"
"{'name': '四季都会', 'collecting_time': '2023-06-25', 'other_name': '璞云府', 'area': '临平区/东湖/临平大道与东湖北路交汇处', 'price': '', 'sale_status': '待售', 'house_type': '商业', 'address': '临平大道与东湖北路交汇处', 'new_open_date': '时间待定', 'rooms': '', 'features': '公交直达 多轨交汇 配套齐全 购物方便', 'builders': '杭州富云置业有限公司', 'url_source': 'https://hz.fang.ke.com/loupan/p_sjdhblcue/'}"
"{'name': '旭辉珺和府', 'collecting_time': '2023-06-25', 'other_name': '珺和府', 'area': '萧山/萧山开发区/浦阳镇中心小学东侧', 'price': '14600', 'uint': '元/平(单价) ', 'value': '129-175', 'value_uint': '(万/套)(总价)', 'sale_status': '在售', 'house_type': '住宅', 'address': '浦阳镇中心小学东侧', 'new_open_date': '2022-11-16', 'rooms': ['三居室(2)', '四居室(1)'], 'features': '低单价 低总价 临近高速 3D楼书', 'builders': '杭州兴浦置业有限公司', 'url_source': 'https://hz.fang.ke.com/loupan/p_xplxhjhfblcux/'}"
"{'name': '滨江旭辉滨旭府', 'collecting_time': '2023-06-25', 'other_name': '滨旭府', 'area': '萧山/萧山开发区/南秀路与03省道交汇处', 'price': '25600', 'uint': '元/平(单价) ', 'value': '227-290', 'value_uint': '(万/套)(总价)', 'sale_status': '在售', 'house_type': '住宅', 'address': '南秀路与03省道交汇处', 'new_open_date': '2021-08-24', 'rooms': ['三居室(4)', '四居室(1)'], 'features': '3D楼书 视频看房 即将交房 绿化率高', 'builders': '杭州兴塘置业有限公司', 'url_source': 'https://hz.fang.ke.com/loupan/p_bjxhbxfblcvi/'}"
"{'name': '地铁万科彩虹天空之城', 'collecting_time': '2023-06-25', 'other_name': '云彩之城,虹云之城,彩虹天空之城,虹云之城·云彩之城', 'area': '萧山/萧山开发区/彩虹大道与03省道交叉口', 'price': '25600', 'uint': '元/平(单价) ', 'value': '392', 'value_uint': '(万/套)(总价)', 'sale_status': '在售', 'house_type': '住宅', 'address': '彩虹大道与03省道交叉口', 'new_open_date': '2022-04-24', 'rooms': ['三居室(6)', '四居室(3)'], 'features': '近主干道 临近高速 早教机构 三甲医院', 'builders': '杭州南璟置业有限公司', 'url_source': 'https://hz.fang.ke.com/loupan/p_dtwkchtkzcbldoy/'}"
"{'name': '天樾四季城', 'collecting_time': '2023-06-25', 'other_name': '天樾四季', 'area': '临平区/塘栖/圆满路与张家墩路交汇处', 'price': '22813', 'uint': '元/平(单价) ', 'value': '190', 'value_uint': '(万/套)(总价)', 'sale_status': '在售', 'house_type': '住宅', 'address': '圆满路与张家墩路交汇处', 'new_open_date': '2021-12', 'rooms': ['三居室(1)', '四居室(1)'], 'features': '多轨交汇 成熟商圈 3D楼书 视频看房', 'builders': '杭州运塘房地产开发有限公司', 'url_source': 'https://hz.fang.ke.com/loupan/p_ymltysjcbldxv/'}"
"{'name': '歌山美睿金座', 'collecting_time': '2023-06-25', 'other_name': '美睿金座', 'area': '拱墅/三塘/德胜路歌山美睿金座', 'price': '32000', 'uint': '元/平(单价) ', 'value': '1000', 'value_uint': '(万/套)(总价)', 'sale_status': '在售', 'house_type': '写字楼', 'address': '德胜路歌山美睿金座', 'new_open_date': '2020-08', 'rooms': '', 'features': '品牌房企 优惠楼盘 车位充足', 'builders': '杭州禄禧商业经营管理有限公司', 'url_source': 'https://hz.fang.ke.com/loupan/p_gsmrjzblefj/'}"
"{'name': '佳源驭远玖墅', 'collecting_time': '2023-06-25', 'other_name': '久鸣府,玖墅', 'area': '钱塘区/大江东/杭州市钱塘新区新湾大道与南堤路交叉口', 'price': '31000', 'uint': '元/平(单价) ', 'value': '565-670', 'value_uint': '(万/套)(总价)', 'sale_status': '在售', 'house_type': '别墅', 'address': '杭州市钱塘新区新湾大道与南堤路交叉口', 'new_open_date': '2021-09-30', 'rooms': ['三居室(1)', '四居室(4)', '五居室(1)'], 'features': '菜市场 早教机构 视频看房 品牌房企', 'builders': '杭州国申房地产开发有限公司', 'url_source': 'https://hz.fang.ke.com/loupan/p_ndljyyyjsblekf/'}"
"{'name': '中城汇MIDTOWN', 'collecting_time': '2023-06-25', 'other_name': '中尚汇府', 'area': '拱墅/万达广场/杭行路与石祥路交叉口以西约200米', 'price': '70000', 'uint': '元/平(单价) ', 'value': '400', 'value_uint': '(万/套)(总价)', 'sale_status': '在售', 'house_type': '底商', 'address': '杭行路与石祥路交叉口以西约200米', 'new_open_date': '2020-05', 'rooms': '', 'features': '地铁沿线 配套齐全 成熟商圈 医疗配套', 'builders': '杭州万璟置业有限公司', 'url_source': 'https://hz.fang.ke.com/loupan/p_zchmbleyk/'}"
"{'name': '海威天地', 'collecting_time': '2023-06-25', 'other_name': '滨江海威天地', 'area': '滨江/滨江区政府/滨和路与阡陌路交叉口', 'price': '65000', 'uint': '元/平(单价) ', 'value': '350', 'value_uint': '(万/套)(总价)', 'sale_status': '在售', 'house_type': '底商', 'address': '滨和路与阡陌路交叉口', 'new_open_date': '2020-08-01', 'rooms': '', 'features': '地铁沿线 公交直达 配套齐全 成熟商圈', 'builders': '杭州融威置业有限公司', 'url_source': 'https://hz.fang.ke.com/loupan/p_hwtdblfgd/'}"
"{'name': '佳源岛', 'collecting_time': '2023-06-25', 'other_name': '留香园', 'area': '淳安/淳安/千岛湖睦州大道526号', 'price': '10000', 'uint': '元/平(单价) ', 'value': '80-130', 'value_uint': '(万/套)(总价)', 'sale_status': '在售', 'house_type': '住宅', 'address': '千岛湖睦州大道526号', 'new_open_date': '2020-05', 'rooms': ['一居室(1)', '二居室(1)', '四居室(1)'], 'features': '近主干道 临近高速 成熟商圈 3D楼书', 'builders': '淳安汇和房地产开发有限公司', 'url_source': 'https://hz.fang.ke.com/loupan/p_lclxyblfkn/'}"
"{'name': '浅山', 'collecting_time': '2023-06-25', 'other_name': '浅山花园,六合浅山', 'area': '淳安/淳安/芙蓉路六合浅山', 'price': '26000', 'uint': '元/平(单价) ', 'value': '351-358', 'value_uint': '(万/套)(总价)', 'sale_status': '在售', 'house_type': '别墅', 'address': '芙蓉路六合浅山', 'new_open_date': '2018-06-01', 'rooms': ['四居室(3)', '五居室(1)'], 'features': '公交直达 购物方便 娱乐丰富 视频看房', 'builders': '淳安怡和置业有限公司', 'url_source': 'https://hz.fang.ke.com/loupan/p_qshyblgdy/'}"
"{'name': '杭房首望澜翠府', 'collecting_time': '2023-06-25', 'other_name': '澜翠府', 'area': '富阳/东洲/江滨东大道首创奥特莱斯西北侧50米', 'price': '19000', 'uint': '元/平(单价) ', 'value': '210-250', 'value_uint': '(万/套)(总价)', 'sale_status': '在售', 'house_type': '住宅', 'address': '江滨东大道首创奥特莱斯西北侧50米', 'new_open_date': '2023-06', 'rooms': ['三居室(1)', '四居室(1)'], 'features': '开发区 成熟商圈 品牌房企 VR看房', 'builders': '杭州翠祥房地产有限公司', 'url_source': 'https://hz.fang.ke.com/loupan/p_zlwcxlhfswlcblgjg/'}"
"{'name': '百郦玲珑府', 'collecting_time': '2023-06-25', 'other_name': '无', 'area': '上城/笕桥/江干区德胜东路与药香路交叉口', 'price': '44200', 'uint': '元/平(单价) ', 'value': '598', 'value_uint': '(万/套)(总价)', 'sale_status': '在售', 'house_type': '住宅', 'address': '江干区德胜东路与药香路交叉口', 'new_open_date': '2021-11-02', 'rooms': ['三居室(2)', '四居室(2)'], 'features': '多轨交汇 亲子乐园 三甲医院 品牌房企', 'builders': '甘建投（杭州）房地产有限公司', 'url_source': 'https://hz.fang.ke.com/loupan/p_dsdlblllfblgjl/'}"
"{'name': '山水华府', 'collecting_time': '2023-06-25', 'other_name': '阳光城檀瑞府,--待定--', 'area': '富阳/富春/富春街道公望街与西环北路交叉口', 'price': '22000', 'uint': '元/平(单价) ', 'value': '211-255', 'value_uint': '(万/套)(总价)', 'sale_status': '在售', 'house_type': '住宅', 'address': '富春街道公望街与西环北路交叉口', 'new_open_date': '2023-04', 'rooms': ['三居室(2)', '四居室(2)'], 'features': '成熟商圈 菜市场 三甲医院 品牌房企', 'builders': '杭州富阳乘光置业有限公司', 'url_source': 'https://hz.fang.ke.com/loupan/p_xhblygctrfblgjm/'}"
"{'name': '山水华府', 'collecting_time': '2023-06-25', 'other_name': '阳光城檀瑞府', 'area': '富阳/富春/富春街道公望街与西环北路交叉口', 'price': '', 'sale_status': '待售', 'house_type': '商业', 'address': '富春街道公望街与西环北路交叉口', 'new_open_date': '时间待定', 'rooms': '', 'features': '品牌房企', 'builders': '杭州富阳乘光置业有限公司', 'url_source': 'https://hz.fang.ke.com/loupan/p_xhblygctrfblglm/'}"
"{'name': '弘涵望江月', 'collecting_time': '2023-06-25', 'other_name': '望江月小区,望江月轩', 'area': '桐庐/桐庐/市场路446号', 'price': '8800', 'uint': '元/平(单价) ', 'value': '82-103', 'value_uint': '(万/套)(总价)', 'sale_status': '在售', 'house_type': '住宅', 'address': '市场路446号', 'new_open_date': '2021-06-25', 'rooms': ['三居室(4)', '四居室(1)'], 'features': '低单价 低密居所 小型社区', 'builders': '杭州弘涵房地产开发有限公司', 'url_source': 'https://hz.fang.ke.com/loupan/p_hhwjyblgnn/'}"
"{'name': '荣安观江园', 'collecting_time': '2023-06-25', 'other_name': '--待定--', 'area': '越城区/镜湖/位于东至规划朱梅路，南接裕民西路，西邻大越路，北至钱陶东路', 'price': '21500', 'uint': '元/平(单价) ', 'value': '185-330', 'value_uint': '(万/套)(总价)', 'sale_status': '在售', 'house_type': '住宅', 'address': '位于东至规划朱梅路，南接裕民西路，西邻大越路，北至...', 'new_open_date': '2021-09-04', 'rooms': ['三居室(6)', '四居室(2)'], 'features': '绍兴楼盘 多轨交汇 成熟商圈 视频看房 品牌房企', 'builders': '绍兴香州置业有限公司', 'url_source': 'https://hz.fang.ke.com/loupan/p_xxlrazygyblxhn/'}"
"{'name': '荣安▪御宾湾', 'collecting_time': '2023-06-25', 'other_name': '荣安御宾湾', 'area': '吴兴区/湖东西区/吴兴区东南湾路与三里桥路交汇处', 'price': '15500', 'uint': '元/平(单价) ', 'value': '130-205', 'value_uint': '(万/套)(总价)', 'sale_status': '在售', 'house_type': '住宅', 'address': '吴兴区东南湾路与三里桥路交汇处', 'new_open_date': '2021-10-07', 'rooms': ['三居室(7)', '四居室(1)'], 'features': '湖州楼盘 特价好房 多轨交汇 近主干道 成熟商圈', 'builders': '湖州美安置业有限公司', 'url_source': 'https://hz.fang.ke.com/loupan/p_raybwbmfrw/'}"
"{'name': '铂樾怡庭', 'collecting_time': '2023-06-25', 'other_name': '--待定--', 'area': '嘉善县/嘉善县/嵩山路与之江路交叉口东侧20米', 'price': '16700', 'uint': '元/平(单价) ', 'value': '175-260', 'value_uint': '(万/套)(总价)', 'sale_status': '在售', 'house_type': '住宅', 'address': '嵩山路与之江路交叉口东侧20米', 'new_open_date': '2022-03-25', 'rooms': ['三居室(2)', '四居室(3)'], 'features': '嘉兴楼盘 品牌房企 VR看房 小型社区', 'builders': '嘉善正鸿昀房地产开发有限公司', 'url_source': 'https://hz.fang.ke.com/loupan/p_byytbmpse/'}"
"{'name': '鲁能公馆', 'collecting_time': '2023-06-25', 'other_name': '--待定--', 'area': '吴兴区/西南分区/五一大桥鲁能公馆', 'price': '13000', 'uint': '元/平(单价) ', 'value': '130-140', 'value_uint': '(万/套)(总价)', 'sale_status': '在售', 'house_type': '住宅', 'address': '五一大桥鲁能公馆', 'new_open_date': '2019-09-28', 'rooms': ['三居室(5)'], 'features': '湖州楼盘 特价好房 配套齐全 购物方便 医疗配套', 'builders': '湖州东信实业投资有限公司', 'url_source': 'https://hz.fang.ke.com/loupan/p_lnggbkoho/'}"
"{'name': '玖境府', 'collecting_time': '2023-06-25', 'other_name': '金成公元九境,金成丨祥新·公元九境', 'area': '吴兴区/西南分区/浙江省湖州市吴兴区夹山路', 'price': '12700', 'uint': '元/平(单价) ', 'value': '115-155', 'value_uint': '(万/套)(总价)', 'sale_status': '在售', 'house_type': '住宅', 'address': '浙江省湖州市吴兴区夹山路', 'new_open_date': '2021-04-25', 'rooms': ['三居室(2)', '四居室(1)'], 'features': '湖州楼盘 特价好房 多轨交汇 成熟商圈 品牌房企', 'builders': '湖州金睿置业有限公司', 'url_source': 'https://hz.fang.ke.com/loupan/p_jcgyjjblbnf/'}"
"{'name': '金地威新科技园', 'collecting_time': '2023-06-25', 'other_name': '威新科技园', 'area': '拱墅/半山/妙家浜巷金地威新科技园', 'price': '', 'sale_status': '待售', 'house_type': '写字楼', 'address': '妙家浜巷金地威新科技园', 'new_open_date': '时间待定', 'rooms': '', 'features': '现房', 'builders': '金地（集团）股份有限公司', 'url_source': 'https://hz.fang.ke.com/loupan/p_bmkpi/'}"
"{'name': '绿都中天云屿江月', 'collecting_time': '2023-06-25', 'other_name': '云屿江月', 'area': '建德/建德/沪瑞线云屿江月', 'price': '16500', 'uint': '元/平(单价) ', 'value': '160-180', 'value_uint': '(万/套)(总价)', 'sale_status': '在售', 'house_type': '住宅', 'address': '沪瑞线云屿江月', 'new_open_date': '2022-06', 'rooms': ['三居室(2)'], 'features': '品牌房企 低密居所 小型社区', 'builders': '杭州辉都置业有限公司', 'url_source': 'https://hz.fang.ke.com/loupan/p_bmkpj/'}"
"{'name': '杭州国际金融中心', 'collecting_time': '2023-06-25', 'other_name': '杭州ifc,新鸿基平安江河汇,杭州IFC', 'area': '上城/钱江新城/钱江路新鸿基平安江河汇', 'price': '69800', 'uint': '元/平(单价) ', 'value': '1080-1450', 'value_uint': '(万/套)(总价)', 'sale_status': '待售', 'house_type': '住宅', 'address': '钱江路新鸿基平安江河汇', 'new_open_date': '2022-07-03', 'rooms': ['四居室(10)'], 'features': '多轨交汇 成熟商圈 三甲医院 品牌房企', 'builders': '杭州新汇东置业有限公司', 'url_source': 'https://hz.fang.ke.com/loupan/p_xhjpajhhbmktd/'}"
"{'name': '地上衣锦上府', 'collecting_time': '2023-06-25', 'other_name': '衣锦上府', 'area': '临安/临安/临安滨湖新区翠浪路与衣锦街交汇处', 'price': '', 'sale_status': '待售', 'house_type': '住宅', 'address': '临安滨湖新区翠浪路与衣锦街交汇处', 'new_open_date': '时间待定', 'rooms': '', 'features': '近主干道 成熟商圈 车位充足 绿化率高', 'builders': '杭州地上房地产集团有限公司', 'url_source': 'https://hz.fang.ke.com/loupan/p_yjsfbmktw/'}"
"{'name': '严州云境府', 'collecting_time': '2023-06-25', 'other_name': '新城严州云境府', 'area': '建德/建德/小洋坞路严州云境府', 'price': '', 'sale_status': '待售', 'house_type': '住宅', 'address': '小洋坞路严州云境府', 'new_open_date': '时间待定', 'rooms': '', 'features': '品牌房企 现房 低密居所', 'builders': '杭州新城骏宏恒锦房地产开发有限公司', 'url_source': 'https://hz.fang.ke.com/loupan/p_bmkuw/'}"
"{'name': '华景川云萃天和城', 'collecting_time': '2023-06-25', 'other_name': '云萃天和城', 'area': '富阳/江南新城/蔡伦路云萃天和城', 'price': '18800', 'uint': '元/平(单价) ', 'value': '170-230', 'value_uint': '(万/套)(总价)', 'sale_status': '在售', 'house_type': '住宅', 'address': '蔡伦路云萃天和城', 'new_open_date': '2023-06-21', 'rooms': ['三居室(3)', '四居室(2)'], 'features': 'VR看房 优惠楼盘', 'builders': '杭州富阳景莱房地产开发有限公司', 'url_source': 'https://hz.fang.ke.com/loupan/p_ycthcbmlmo/'}"
"{'name': '杭房启润学府', 'collecting_time': '2023-06-25', 'other_name': '启润学府', 'area': '富阳/银湖科技城/富阳区富春街道东兴路与文居街交叉口', 'price': '24500', 'uint': '元/平(单价) ', 'value': '218-267', 'value_uint': '(万/套)(总价)', 'sale_status': '在售', 'house_type': '住宅', 'address': '富阳区富春街道东兴路与文居街交叉口', 'new_open_date': '2023-03', 'rooms': ['三居室(3)', '四居室(1)'], 'features': '品牌房企 优惠楼盘 小型社区', 'builders': '杭州启祥房地产开发有限公司', 'url_source': 'https://hz.fang.ke.com/loupan/p_hfqrxfbmlmp/'}"
"{'name': '杭房富春山居湖著观邸', 'collecting_time': '2023-06-25', 'other_name': '湖著观邸', 'area': '富阳/富春/北环路湖著观邸', 'price': '25000', 'uint': '元/平(单价) ', 'value': '205-340', 'value_uint': '(万/套)(总价)', 'sale_status': '在售', 'house_type': '住宅', 'address': '北环路湖著观邸', 'new_open_date': '2023-06', 'rooms': ['三居室(3)', '四居室(2)'], 'features': '近主干道 成熟商圈 三甲医院 品牌房企', 'builders': '杭州致祥房地产开发有限公司', 'url_source': 'https://hz.fang.ke.com/loupan/p_bmlmw/'}"
"{'name': '钱塘ONE', 'collecting_time': '2023-06-25', 'other_name': '钱塘湾', 'area': '西湖/转塘/枫桦东路三立钱塘ONE', 'price': '', 'sale_status': '待售', 'house_type': '写字楼', 'address': '枫桦东路三立钱塘ONE', 'new_open_date': '时间待定', 'rooms': '', 'features': '购物方便 超市 现房 景区', 'builders': '杭州汇辉置业有限公司', 'url_source': 'https://hz.fang.ke.com/loupan/p_qtONEbmlxs/'}"
"{'name': '鲲鹏府', 'collecting_time': '2023-06-25', 'other_name': '宋都鲲鹏府', 'area': '临安/临安/万马南路鲲鹏府', 'price': '', 'sale_status': '待售', 'house_type': '住宅', 'address': '万马南路鲲鹏府', 'new_open_date': '时间待定', 'rooms': '', 'features': '品牌房企 现房 绿化率高', 'builders': '杭州浩都房地产开发有限公司', 'url_source': 'https://hz.fang.ke.com/loupan/p_bmmcy/'}"
"{'name': '建发缦云轩', 'collecting_time': '2023-06-25', 'other_name': '建发缦云', 'area': '拱墅/万达广场/祥园路建发缦云轩', 'price': '50000', 'uint': '元/平(单价) ', 'value': '1600', 'value_uint': '(万/套)(总价)', 'sale_status': '在售', 'house_type': '写字楼', 'address': '祥园路建发缦云轩', 'new_open_date': '2022-06', 'rooms': '', 'features': '品牌房企 车位充足', 'builders': '杭州兆顺房地产有限公司', 'url_source': 'https://hz.fang.ke.com/loupan/p_bmmht/'}"
"{'name': '春和云境', 'collecting_time': '2023-06-25', 'other_name': '杭政储出【2019】72号地块', 'area': '拱墅/石桥/同协路春和云境', 'price': '', 'sale_status': '待售', 'house_type': '写字楼', 'address': '同协路春和云境', 'new_open_date': '时间待定', 'rooms': '', 'features': '品牌房企', 'builders': '杭州北和置业有限公司', 'url_source': 'https://hz.fang.ke.com/loupan/p_chyjbmmkr/'}"
"{'name': '天溪半岛', 'collecting_time': '2023-06-25', 'other_name': '--待定--', 'area': '桐庐/桐庐/S208天溪半岛', 'price': '25000', 'uint': '元/平(单价) ', 'value': '1000-1900', 'value_uint': '(万/套)(总价)', 'sale_status': '在售', 'house_type': '别墅', 'address': 'S208天溪半岛', 'new_open_date': '2021-11-16', 'rooms': ['四居室(5)'], 'features': '现房 低密居所', 'builders': '富春江旅游度假区开发有限公司', 'url_source': 'https://hz.fang.ke.com/loupan/p_bmmtr/'}"
"{'name': '绿都中天云屿江月', 'collecting_time': '2023-06-25', 'other_name': '云屿江月', 'area': '建德/建德/沪瑞线云屿江月', 'price': '25000', 'uint': '元/平(单价) ', 'value': '420', 'value_uint': '(万/套)(总价)', 'sale_status': '在售', 'house_type': '别墅', 'address': '沪瑞线云屿江月', 'new_open_date': '2022-04-28', 'rooms': ['四居室(3)'], 'features': '品牌房企 复式 小型社区', 'builders': '杭州辉都置业有限公司', 'url_source': 'https://hz.fang.ke.com/loupan/p_yyjybmngs/'}"
"{'name': '月映星语园', 'collecting_time': '2023-06-25', 'other_name': '绿城月映星语园', 'area': '临平区/星桥/宝旋路月映星语园', 'price': '24000', 'uint': '元/平(单价) ', 'value': '300-334', 'value_uint': '(万/套)(总价)', 'sale_status': '在售', 'house_type': '住宅', 'address': '宝旋路月映星语园', 'new_open_date': '2022-10-25', 'rooms': ['三居室(3)', '四居室(3)'], 'features': '品牌房企 VR看房 绿化率高', 'builders': '杭州星桂置业有限公司', 'url_source': 'https://hz.fang.ke.com/loupan/p_bmngx/'}"
"{'name': '名门旺府', 'collecting_time': '2023-06-25', 'other_name': '恒晨.名门旺府', 'area': '桐庐/桐庐/浙江省杭州市桐庐县分水镇302省道与东门路交叉口', 'price': '11000', 'uint': '元/平(单价) ', 'value': '105-145', 'value_uint': '(万/套)(总价)', 'sale_status': '在售', 'house_type': '住宅', 'address': '浙江省杭州市桐庐县分水镇302省道与东门路交叉口', 'new_open_date': '2022-01-05', 'rooms': ['三居室(3)', '四居室(2)'], 'features': '现房 低密居所', 'builders': '杭州恒晨置业有限公司', 'url_source': 'https://hz.fang.ke.com/loupan/p_bmnoo/'}"
"{'name': '瑞聚商务中心', 'collecting_time': '2023-06-25', 'other_name': '--待定--', 'area': '临平区/东湖/荷禹路瑞聚商务中心', 'price': '', 'sale_status': '待售', 'house_type': '写字楼', 'address': '荷禹路瑞聚商务中心', 'new_open_date': '时间待定', 'rooms': '', 'features': '现房', 'builders': '浙江瑞聚置业有限公司', 'url_source': 'https://hz.fang.ke.com/loupan/p_bmnxq/'}"
"{'name': '中天宸锦学府', 'collecting_time': '2023-06-25', 'other_name': '中天宸锦', 'area': '临安/临安/新民街中天宸锦学府', 'price': '22000', 'uint': '元/平(单价) ', 'value': '135-175', 'value_uint': '(万/套)(总价)', 'sale_status': '在售', 'house_type': '住宅', 'address': '新民街中天宸锦学府', 'new_open_date': '2022-11-05', 'rooms': ['二居室(2)'], 'features': '品牌房企 小户型 绿化率高 小型社区', 'builders': '杭州嘉境房地产开发有限公司', 'url_source': 'https://hz.fang.ke.com/loupan/p_bmnze/'}"
"{'name': '裕隆大厦', 'collecting_time': '2023-06-25', 'other_name': '钱潮IN', 'area': '萧山/萧山新城区/建设三路361号', 'price': '26000', 'uint': '元/平(单价) ', 'value': '156-280', 'value_uint': '(万/套)(总价)', 'sale_status': '在售', 'house_type': '写字楼', 'address': '建设三路361号', 'new_open_date': '2022-04', 'rooms': ['一居室(2)', '二居室(1)'], 'features': '低总价 小户型 现房', 'builders': '杭州裕捷置业有限公司', 'url_source': 'https://hz.fang.ke.com/loupan/p_yldsbmobp/'}"
"{'name': '之江明月府', 'collecting_time': '2023-06-25', 'other_name': '之江明月,杭州之江明月府', 'area': '桐庐/桐庐/横政路之江明月', 'price': '10500', 'uint': '元/平(单价) ', 'value': '72-93', 'value_uint': '(万/套)(总价)', 'sale_status': '在售', 'house_type': '住宅', 'address': '横政路之江明月', 'new_open_date': '2022-10-25', 'rooms': ['二居室(2)', '三居室(5)', '四居室(1)'], 'features': '低总价 品牌房企 小户型 低密居所', 'builders': '杭州绿金匠心置地有限公司', 'url_source': 'https://hz.fang.ke.com/loupan/p_bmonw/'}"
